id,name,level,total,profile_url,sources
1695815,Linked-,78,51.13m,https://www.torn.com/profiles.php?XID=1695815,Legacy List 11
1627252,eladgrin,73,61.14m,https://www.torn.com/profiles.php?XID=1627252,Legacy List 10
14821,ShadyLady,70,83.20m,https://www.torn.com/profiles.php?XID=14821,Legacy List 9
747490,-Cindy-,48,36.61m,https://www.torn.com/profiles.php?XID=747490,Legacy List 8
1547215,platnick,47,25.27m,https://www.torn.com/profiles.php?XID=1547215,Legacy List 7
854744,DickheadRabid,41,20.81m,https://www.torn.com/profiles.php?XID=854744,Legacy List 6
320161,crazydave,35,1.0k,https://www.torn.com/profiles.php?XID=320161,Baldr's List 1 | Legacy List 5
54970,Sexy_Biatch,35,47000,https://www.torn.com/profiles.php?XID=54970,Torn Forum Leveling Targets - Targets 10k-100k estimated stats
472957,Shera,33,36000,https://www.torn.com/profiles.php?XID=472957,Torn Forum Leveling Targets - Targets 10k-100k estimated stats
522960,maverick1972,31,416,https://www.torn.com/profiles.php?XID=522960,Baldr's List 1 | Legacy List 4
488552,Mataifa,31,640,https://www.torn.com/profiles.php?XID=488552,Baldr's List 1 | Legacy List 3
196000,Ripply,31,30000,https://www.torn.com/profiles.php?XID=196000,Torn Forum Leveling Targets - Targets 10k-100k estimated stats
1629507,RocksCanFly,31,56000,https://www.torn.com/profiles.php?XID=1629507,Torn Forum Leveling Targets - Targets 10k-100k estimated stats
810355,fanpi017,30,676,https://www.torn.com/profiles.php?XID=810355,Baldr's List 1 | Legacy List 2
75522,Javier615,30,"14,584",https://www.torn.com/profiles.php?XID=75522,Baldr's Extra List 1
1663511,KOKO_CHIT,30,"22,647",https://www.torn.com/profiles.php?XID=1663511,Baldr's Extra List 1
2094585,Tomalak,30,25100,https://www.torn.com/profiles.php?XID=2094585,Torn Forum Leveling Targets - Targets 10k-100k estimated stats
1568826,GuyReeb23,30,33000,https://www.torn.com/profiles.php?XID=1568826,Torn Forum Leveling Targets - Targets 10k-100k estimated stats
1547185,A320,30,50000,https://www.torn.com/profiles.php?XID=1547185,Torn Forum Leveling Targets - Targets 10k-100k estimated stats
1046495,OwlByNite,29,459,https://www.torn.com/profiles.php?XID=1046495,Baldr's List 1 | Legacy List 1
95057,President,29,"3,438",https://www.torn.com/profiles.php?XID=95057,Baldr's Extra List 1
54816,fast_lane_6H,29,20.5k,https://www.torn.com/profiles.php?XID=54816,Legacy List 13
524912,Luciii,28,579,https://www.torn.com/profiles.php?XID=524912,Baldr's List 1 | Legacy List 11
1682111,-----Nick----,28,650,https://www.torn.com/profiles.php?XID=1682111,Baldr's List 1 | Legacy List 8
387822,russellkill,28,763,https://www.torn.com/profiles.php?XID=387822,Baldr's List 1 | Legacy List 12
200728,Sgt-Bite_This,28,"1,241",https://www.torn.com/profiles.php?XID=200728,Baldr's Extra List 1
943004,DonEdweezy,28,"2,213",https://www.torn.com/profiles.php?XID=943004,Baldr's Extra List 1
248808,jakbar,28,"2,222",https://www.torn.com/profiles.php?XID=248808,Baldr's Extra List 1
76480,Eiardrith,28,"2,293",https://www.torn.com/profiles.php?XID=76480,Baldr's Extra List 1
241909,spana87,28,"2,811",https://www.torn.com/profiles.php?XID=241909,Baldr's Extra List 1
87461,BabsKing,28,"3,698",https://www.torn.com/profiles.php?XID=87461,Baldr's Extra List 1
929257,Drider30,28,"5,088",https://www.torn.com/profiles.php?XID=929257,Baldr's Extra List 1
87572,jordanh,28,"5,327",https://www.torn.com/profiles.php?XID=87572,Baldr's Extra List 1
21631,Bezo,28,"6,200",https://www.torn.com/profiles.php?XID=21631,Baldr's Extra List 1
431823,Gabriel_Grohl,28,7.1k,https://www.torn.com/profiles.php?XID=431823,Legacy List 10
136660,tbs786,28,"7,264",https://www.torn.com/profiles.php?XID=136660,Baldr's Extra List 1
610531,8ballboi,28,7.6k,https://www.torn.com/profiles.php?XID=610531,Legacy List 9
262546,Ahika,28,27200,https://www.torn.com/profiles.php?XID=262546,Torn Forum Leveling Targets - Targets 10k-100k estimated stats
1429963,Kneazi,28,32000,https://www.torn.com/profiles.php?XID=1429963,Torn Forum Leveling Targets - Targets 10k-100k estimated stats
678166,ASchwarzenegger,28,34000,https://www.torn.com/profiles.php?XID=678166,Torn Forum Leveling Targets - Targets 10k-100k estimated stats
1514039,gamepje,28,"239,307",https://www.torn.com/profiles.php?XID=1514039,Baldr's Extra List 1
566484,themastercheif,27,126,https://www.torn.com/profiles.php?XID=566484,Baldr's List 1 | Legacy List 7
298167,matt007,27,194,https://www.torn.com/profiles.php?XID=298167,Baldr's List 1 | Legacy List 4
879148,babymolly,27,227,https://www.torn.com/profiles.php?XID=879148,Baldr's List 1 | Legacy List 10
234429,Dragon_Reborn,27,481,https://www.torn.com/profiles.php?XID=234429,Baldr's List 1 | Legacy List 1
428732,Sachmo,27,580,https://www.torn.com/profiles.php?XID=428732,Baldr's List 1 | Legacy List 5
18798,tapper85,27,582,https://www.torn.com/profiles.php?XID=18798,Baldr's List 1 | Legacy List 6
320301,Sporty_Jordo,27,"1,029",https://www.torn.com/profiles.php?XID=320301,Baldr's Extra List 1
583658,rapture,27,"1,350",https://www.torn.com/profiles.php?XID=583658,Baldr's Extra List 1
813216,vexxor,27,"1,544",https://www.torn.com/profiles.php?XID=813216,Baldr's Extra List 1
41317,HateCrime,27,"1,641",https://www.torn.com/profiles.php?XID=41317,Baldr's Extra List 1
50835,ghost99,27,"1,705",https://www.torn.com/profiles.php?XID=50835,Baldr's Extra List 1
14641,Magus517707,27,"1,829",https://www.torn.com/profiles.php?XID=14641,Baldr's Extra List 1
222151,Climactic,27,"1,966",https://www.torn.com/profiles.php?XID=222151,Baldr's Extra List 1
26299,jedimasteryoda,27,"2,646",https://www.torn.com/profiles.php?XID=26299,Baldr's Extra List 1
368042,hypermegmeg,27,2690,https://www.torn.com/profiles.php?XID=368042,Torn Forum Leveling Targets - Targets 1000-10000 estimated stats
850551,Eliotte,27,"2,750",https://www.torn.com/profiles.php?XID=850551,Baldr's Extra List 1
340810,madmax128,27,"2,762",https://www.torn.com/profiles.php?XID=340810,Baldr's Extra List 1
27340,Knowless,27,"2,778",https://www.torn.com/profiles.php?XID=27340,Baldr's Extra List 1
54567,gotencs103,27,"2,843",https://www.torn.com/profiles.php?XID=54567,Baldr's Extra List 1
228704,THEking,27,"3,196",https://www.torn.com/profiles.php?XID=228704,Baldr's Extra List 1
359740,Mikeopia,27,"3,265",https://www.torn.com/profiles.php?XID=359740,Baldr's Extra List 1
556583,pakure,27,"3,537",https://www.torn.com/profiles.php?XID=556583,Baldr's Extra List 1
173148,sphynx,27,"3,756",https://www.torn.com/profiles.php?XID=173148,Baldr's Extra List 1
185958,Mars_hotel,27,"3,771",https://www.torn.com/profiles.php?XID=185958,Baldr's Extra List 1
34069,luckycat76262,27,"3,821",https://www.torn.com/profiles.php?XID=34069,Baldr's Extra List 1
185535,EVO-X,27,4.0k,https://www.torn.com/profiles.php?XID=185535,Legacy List 2
247665,tikiman123,27,"4,073",https://www.torn.com/profiles.php?XID=247665,Baldr's Extra List 1
374418,AlsCapone,27,"4,194",https://www.torn.com/profiles.php?XID=374418,Baldr's Extra List 1
316174,Bobdude11,27,"5,878",https://www.torn.com/profiles.php?XID=316174,Baldr's Extra List 1
633615,atalon1,27,6.5k,https://www.torn.com/profiles.php?XID=633615,Legacy List 9
431576,dariusvalmortis,27,"6,504",https://www.torn.com/profiles.php?XID=431576,Baldr's Extra List 1
676255,Becca1505,27,7000,https://www.torn.com/profiles.php?XID=676255,Torn Forum Leveling Targets - Targets 1000-10000 estimated stats
130275,Silent-ninja,27,"7,282",https://www.torn.com/profiles.php?XID=130275,Baldr's Extra List 1
464810,Heartlessx,27,9.9k,https://www.torn.com/profiles.php?XID=464810,Legacy List 3
120868,assain,27,10.2k,https://www.torn.com/profiles.php?XID=120868,Legacy List 8
244123,im_ran85,27,"11,485",https://www.torn.com/profiles.php?XID=244123,Baldr's Extra List 1
802556,-FB-streety23,27,11.7k,https://www.torn.com/profiles.php?XID=802556,Legacy List 5
314257,314257,27,12.4k,https://www.torn.com/profiles.php?XID=314257,Legacy List 6
188142,zhuang281,27,"13,983",https://www.torn.com/profiles.php?XID=188142,Baldr's Extra List 1
685278,Asengoth,27,14.1k,https://www.torn.com/profiles.php?XID=685278,Legacy List 7
455991,brobech,27,15.6k,https://www.torn.com/profiles.php?XID=455991,Legacy List 12
190120,d_beachboyz,27,16.9k,https://www.torn.com/profiles.php?XID=190120,Legacy List 13
28102,Bhaal,27,18.0k,https://www.torn.com/profiles.php?XID=28102,Legacy List 11
672351,opcouger,27,23300,https://www.torn.com/profiles.php?XID=672351,Torn Forum Leveling Targets - Targets 10k-100k estimated stats
1383966,rowej,27,40000,https://www.torn.com/profiles.php?XID=1383966,Torn Forum Leveling Targets - Targets 10k-100k estimated stats
1950897,_Loki_,27,50000,https://www.torn.com/profiles.php?XID=1950897,Torn Forum Leveling Targets - Targets 10k-100k estimated stats
1330199,lizuan,27,58000,https://www.torn.com/profiles.php?XID=1330199,Torn Forum Leveling Targets - Targets 10k-100k estimated stats
478639,ladyl06998,27,61000,https://www.torn.com/profiles.php?XID=478639,Torn Forum Leveling Targets - Targets 10k-100k estimated stats
476620,james2503,26,129,https://www.torn.com/profiles.php?XID=476620,Baldr's List 1 | Legacy List 10
807823,wilash,26,134,https://www.torn.com/profiles.php?XID=807823,Baldr's List 1 | Legacy List 4
472351,iBennett,26,138,https://www.torn.com/profiles.php?XID=472351,Baldr's List 1 | Legacy List 8
1379450,nathwin,26,283,https://www.torn.com/profiles.php?XID=1379450,Baldr's List 1 | Legacy List 12
796316,raysil,26,314,https://www.torn.com/profiles.php?XID=796316,Baldr's List 1 | Legacy List 13
316768,ilekilluall8,26,335,https://www.torn.com/profiles.php?XID=316768,Baldr's List 1 | Legacy List 9
153910,soldierx,26,356,https://www.torn.com/profiles.php?XID=153910,Baldr's List 1 | Legacy List 1
76096,DevilsBlood,26,371,https://www.torn.com/profiles.php?XID=76096,Baldr's List 1 | Legacy List 5
659852,mikeycallin1,26,437,https://www.torn.com/profiles.php?XID=659852,Baldr's List 1 | Legacy List 11
738073,warriorscode,26,459,https://www.torn.com/profiles.php?XID=738073,Baldr's List 1 | Legacy List 2
284536,whiteshadow,26,527,https://www.torn.com/profiles.php?XID=284536,Baldr's List 1 | Legacy List 3
263120,halfblood93,26,805,https://www.torn.com/profiles.php?XID=263120,Baldr's List 1 | Legacy List 7
729174,fortunecookie,26,936,https://www.torn.com/profiles.php?XID=729174,Baldr's List 1 | Legacy List 6
498729,BiGPiMP23,26,"1,048",https://www.torn.com/profiles.php?XID=498729,Baldr's Extra List 1
353885,andy1990,26,"1,385",https://www.torn.com/profiles.php?XID=353885,Baldr's Extra List 1
514096,PyroManiacX,26,"1,512",https://www.torn.com/profiles.php?XID=514096,Baldr's Extra List 1
753853,Jack81,26,"1,669",https://www.torn.com/profiles.php?XID=753853,Baldr's Extra List 1
458343,sunflower_jen,26,"1,676",https://www.torn.com/profiles.php?XID=458343,Baldr's Extra List 1
464918,aditzs,26,"1,843",https://www.torn.com/profiles.php?XID=464918,Baldr's Extra List 1
340581,StoneColdstunna,26,"2,045",https://www.torn.com/profiles.php?XID=340581,Baldr's Extra List 1
251077,richchoe,26,"2,063",https://www.torn.com/profiles.php?XID=251077,Baldr's Extra List 1
237866,candy_man,26,"2,345",https://www.torn.com/profiles.php?XID=237866,Baldr's Extra List 1
451695,spires27,26,"2,675",https://www.torn.com/profiles.php?XID=451695,Baldr's Extra List 1
953808,Gazellee,26,"2,869",https://www.torn.com/profiles.php?XID=953808,Baldr's Extra List 1
162476,snachy,26,"3,123",https://www.torn.com/profiles.php?XID=162476,Baldr's Extra List 1
802907,Sparta3,26,"3,174",https://www.torn.com/profiles.php?XID=802907,Baldr's Extra List 1
800608,Raiden46,26,"3,198",https://www.torn.com/profiles.php?XID=800608,Baldr's Extra List 1
571371,Aragorn145,26,3.2k,https://www.torn.com/profiles.php?XID=571371,Legacy List 4
67254,Nekroman,26,"3,555",https://www.torn.com/profiles.php?XID=67254,Baldr's Extra List 1
147082,trenty005,26,"3,587",https://www.torn.com/profiles.php?XID=147082,Baldr's Extra List 1
792900,Allault,26,"3,682",https://www.torn.com/profiles.php?XID=792900,Baldr's Extra List 1
275866,whitefang,26,"3,700",https://www.torn.com/profiles.php?XID=275866,Baldr's Extra List 1
112024,lucia928,26,"3,741",https://www.torn.com/profiles.php?XID=112024,Baldr's Extra List 1
45179,elecenter,26,"4,104",https://www.torn.com/profiles.php?XID=45179,Baldr's Extra List 1
365986,diabrete,26,"4,405",https://www.torn.com/profiles.php?XID=365986,Baldr's Extra List 1
313353,Wolf_Dogg,26,"5,306",https://www.torn.com/profiles.php?XID=313353,Baldr's Extra List 1
264257,SOCA,26,"5,425",https://www.torn.com/profiles.php?XID=264257,Baldr's Extra List 1
17003,furby140,26,"8,141",https://www.torn.com/profiles.php?XID=17003,Baldr's Extra List 1
464079,Strapnel,26,"11,953",https://www.torn.com/profiles.php?XID=464079,Baldr's Extra List 1
8912,PIMPJUICE,26,24500,https://www.torn.com/profiles.php?XID=8912,Torn Forum Leveling Targets - Targets 10k-100k estimated stats
559133,kumang,26,27500,https://www.torn.com/profiles.php?XID=559133,Torn Forum Leveling Targets - Targets 10k-100k estimated stats
1404388,ky0ya_hIbarI,26,32000,https://www.torn.com/profiles.php?XID=1404388,Torn Forum Leveling Targets - Targets 10k-100k estimated stats
700478,-Redemption-,26,48000,https://www.torn.com/profiles.php?XID=700478,Torn Forum Leveling Targets - Targets 10k-100k estimated stats
2000099,useyou,26,52000,https://www.torn.com/profiles.php?XID=2000099,Torn Forum Leveling Targets - Targets 10k-100k estimated stats
342150,tygerbomb,26,"2,120,394",https://www.torn.com/profiles.php?XID=342150,Baldr's Extra List 1
1489357,Aceraven,25,234,https://www.torn.com/profiles.php?XID=1489357,Baldr's List 1 | Legacy List 11
669996,Boylinger,25,266,https://www.torn.com/profiles.php?XID=669996,Baldr's List 1 | Legacy List 13
191060,nemesis2000,25,294,https://www.torn.com/profiles.php?XID=191060,Baldr's List 1 | Legacy List 11
454302,heva07,25,333,https://www.torn.com/profiles.php?XID=454302,Baldr's List 1 | Legacy List 6
1199189,Bob_the_butler,25,437,https://www.torn.com/profiles.php?XID=1199189,Baldr's List 1 | Legacy List 11
485156,ckirklin,25,459,https://www.torn.com/profiles.php?XID=485156,Baldr's List 1 | Legacy List 5
1399310,theking99218,25,481,https://www.torn.com/profiles.php?XID=1399310,Baldr's List 1 | Legacy List 2
581300,srfshannon,25,504,https://www.torn.com/profiles.php?XID=581300,Baldr's List 1 | Legacy List 13
211286,andre_xavier,25,574,https://www.torn.com/profiles.php?XID=211286,Baldr's List 1 | Legacy List 4
469582,CasterZ,25,624,https://www.torn.com/profiles.php?XID=469582,Baldr's List 1 | Legacy List 2
652354,-Diablo-,25,650,https://www.torn.com/profiles.php?XID=652354,Baldr's List 1 | Legacy List 9
781161,xZULUx,25,676,https://www.torn.com/profiles.php?XID=781161,Baldr's List 1 | Legacy List 3
491724,indo,25,716,https://www.torn.com/profiles.php?XID=491724,Baldr's List 1 | Legacy List 7
233040,kracker65,25,719,https://www.torn.com/profiles.php?XID=233040,Baldr's List 1 | Legacy List 8
688148,terrence_taylor,25,824,https://www.torn.com/profiles.php?XID=688148,Baldr's List 1 | Legacy List 1
442427,Man-u-4-Life,25,846,https://www.torn.com/profiles.php?XID=442427,Baldr's List 1 | Legacy List 9
588113,Morphine2man,25,936,https://www.torn.com/profiles.php?XID=588113,Baldr's List 1 | Legacy List 10
669588,PRlNCE,25,970,https://www.torn.com/profiles.php?XID=669588,Baldr's List 1 | Legacy List 12
280295,samsta,25,"1,008",https://www.torn.com/profiles.php?XID=280295,Baldr's Extra List 2
660205,mrmikeyh,25,"1,111",https://www.torn.com/profiles.php?XID=660205,Baldr's Extra List 2
478962,Mrfootey,25,"1,213",https://www.torn.com/profiles.php?XID=478962,Baldr's Extra List 2
229632,bfg1,25,"1,272",https://www.torn.com/profiles.php?XID=229632,Baldr's Extra List 2
488384,PeachMentos,25,"1,275",https://www.torn.com/profiles.php?XID=488384,Baldr's Extra List 2
465467,s3nGz,25,"1,297",https://www.torn.com/profiles.php?XID=465467,Baldr's Extra List 2
382338,babytaz1987,25,1.3k,https://www.torn.com/profiles.php?XID=382338,Baldr's Extra List 2 | Legacy List 9
381995,381995,25,"1,347",https://www.torn.com/profiles.php?XID=381995,Baldr's Extra List 2
342907,Nocturnal,25,"1,416",https://www.torn.com/profiles.php?XID=342907,Baldr's Extra List 2
190695,Samanosuke,25,"1,436",https://www.torn.com/profiles.php?XID=190695,Baldr's Extra List 2
432474,UzumakiDan,25,"1,542",https://www.torn.com/profiles.php?XID=432474,Baldr's Extra List 2
1177887,rafamoulima,25,"1,666",https://www.torn.com/profiles.php?XID=1177887,Baldr's Extra List 2
451753,ODD-E-CEED,25,"1,677",https://www.torn.com/profiles.php?XID=451753,Baldr's Extra List 2
83039,Takayte,25,"1,693",https://www.torn.com/profiles.php?XID=83039,Baldr's Extra List 2
421949,DonJuanMatus,25,"1,702",https://www.torn.com/profiles.php?XID=421949,Baldr's Extra List 2
740967,mickblue1,25,"1,710",https://www.torn.com/profiles.php?XID=740967,Baldr's Extra List 2
470180,Vashyron,25,"1,729",https://www.torn.com/profiles.php?XID=470180,Baldr's Extra List 2
1082559,Carpathia,25,"1,755",https://www.torn.com/profiles.php?XID=1082559,Baldr's Extra List 2
644384,thechosen,25,"1,755",https://www.torn.com/profiles.php?XID=644384,Baldr's Extra List 2
484743,mafia80,25,"1,794",https://www.torn.com/profiles.php?XID=484743,Baldr's Extra List 2
281747,dark_fart,25,1.9k,https://www.torn.com/profiles.php?XID=281747,Baldr's Extra List 2 | Legacy List 10
1210736,Semyon,25,"1,902",https://www.torn.com/profiles.php?XID=1210736,Baldr's Extra List 2
938350,smalltownboy,25,"1,974",https://www.torn.com/profiles.php?XID=938350,Baldr's Extra List 2
905822,jmsmnch,25,"2,073",https://www.torn.com/profiles.php?XID=905822,Baldr's Extra List 2
14092,Cyrus,25,"2,103",https://www.torn.com/profiles.php?XID=14092,Baldr's Extra List 2
232564,MastaDon,25,"2,143",https://www.torn.com/profiles.php?XID=232564,Baldr's Extra List 2
768356,Chrissy_M_,25,2.2k,https://www.torn.com/profiles.php?XID=768356,Baldr's Extra List 2 | Legacy List 4
330496,SUB_Z3RO,25,"2,312",https://www.torn.com/profiles.php?XID=330496,Baldr's Extra List 2
668705,thatboyb,25,"2,350",https://www.torn.com/profiles.php?XID=668705,Baldr's Extra List 2
758810,chrischris987,25,"2,399",https://www.torn.com/profiles.php?XID=758810,Baldr's Extra List 2
343321,AzNMafiA,25,"2,512",https://www.torn.com/profiles.php?XID=343321,Baldr's Extra List 2
65146,andrea,25,"2,544",https://www.torn.com/profiles.php?XID=65146,Baldr's Extra List 2
372870,cripaustin,25,"2,638",https://www.torn.com/profiles.php?XID=372870,Baldr's Extra List 2
983447,Skieth,25,"2,764",https://www.torn.com/profiles.php?XID=983447,Baldr's Extra List 2
498180,Cudda_1480,25,2.8k,https://www.torn.com/profiles.php?XID=498180,Legacy List 8
384786,Xec,25,"3,001",https://www.torn.com/profiles.php?XID=384786,Baldr's Extra List 2
748608,FREQUENCY,25,3.3k,https://www.torn.com/profiles.php?XID=748608,Legacy List 8
575176,rhodesnyomi,25,"3,318",https://www.torn.com/profiles.php?XID=575176,Baldr's Extra List 2
614750,franinator,25,3.7k,https://www.torn.com/profiles.php?XID=614750,Legacy List 7
466947,paulski,25,"3,707",https://www.torn.com/profiles.php?XID=466947,Baldr's Extra List 2
325378,-MaRcI-,25,"3,715",https://www.torn.com/profiles.php?XID=325378,Baldr's Extra List 2
1278107,jakoar40,25,"3,891",https://www.torn.com/profiles.php?XID=1278107,Baldr's Extra List 2
711660,applexster,25,4.0k,https://www.torn.com/profiles.php?XID=711660,Legacy List 5
463919,Excelin,25,"4,181",https://www.torn.com/profiles.php?XID=463919,Baldr's Extra List 2 | Legacy List 5
578558,corbs92,25,4.7k,https://www.torn.com/profiles.php?XID=578558,Legacy List 7
436308,YoungMoneyy,25,"4,791",https://www.torn.com/profiles.php?XID=436308,Baldr's Extra List 2
824198,DiddlesHimself,25,5.0k,https://www.torn.com/profiles.php?XID=824198,Legacy List 1
930653,JonnyIR86,25,"5,194",https://www.torn.com/profiles.php?XID=930653,Baldr's Extra List 2
380958,thugz-bunny,25,"5,521",https://www.torn.com/profiles.php?XID=380958,Baldr's Extra List 2
349371,xjoorx,25,"5,788",https://www.torn.com/profiles.php?XID=349371,Baldr's Extra List 2
184845,KSpoon,25,"5,815",https://www.torn.com/profiles.php?XID=184845,Baldr's Extra List 2
1368528,haikal,25,6.0k,https://www.torn.com/profiles.php?XID=1368528,Legacy List 1
931279,blobbydude1,25,"6,878",https://www.torn.com/profiles.php?XID=931279,Baldr's Extra List 2
355177,knife_fight,25,"6,964",https://www.torn.com/profiles.php?XID=355177,Baldr's Extra List 2
815125,Sai_Deschain,25,"7,110",https://www.torn.com/profiles.php?XID=815125,Baldr's Extra List 2
228051,_-M0B-_,25,"7,457",https://www.torn.com/profiles.php?XID=228051,Baldr's Extra List 2
670049,alria,25,7.5k,https://www.torn.com/profiles.php?XID=670049,Legacy List 2
536940,hartay,25,7.9k,https://www.torn.com/profiles.php?XID=536940,Legacy List 3
545762,ZachMan94,25,"8,139",https://www.torn.com/profiles.php?XID=545762,Baldr's Extra List 2
507362,jesusjerusalem,25,"8,173",https://www.torn.com/profiles.php?XID=507362,Baldr's Extra List 2
497872,-BC-Home_Slice,25,8.3k,https://www.torn.com/profiles.php?XID=497872,Legacy List 7
520008,co2k4,25,9.8k,https://www.torn.com/profiles.php?XID=520008,Legacy List 6
902361,Arkham,25,9.9k,https://www.torn.com/profiles.php?XID=902361,Legacy List 6
1259362,General_Patton,25,10.4k,https://www.torn.com/profiles.php?XID=1259362,Legacy List 11
760737,fuglette,25,10.9k,https://www.torn.com/profiles.php?XID=760737,Legacy List 9
602869,Harp,25,11.1k,https://www.torn.com/profiles.php?XID=602869,Legacy List 2
900561,DeDee,25,11.5k,https://www.torn.com/profiles.php?XID=900561,Legacy List 11
492255,CanadianKush,25,12.1k,https://www.torn.com/profiles.php?XID=492255,Legacy List 1
463586,-BC-monkey_joe1,25,12.6k,https://www.torn.com/profiles.php?XID=463586,Legacy List 8
1537495,AmphM3,25,12.6k,https://www.torn.com/profiles.php?XID=1537495,Legacy List 3
272760,twister63,25,12900,https://www.torn.com/profiles.php?XID=272760,Torn Forum Leveling Targets - Targets 10k-100k estimated stats
865385,dethbabe,25,13.2k,https://www.torn.com/profiles.php?XID=865385,Legacy List 12
1039621,bhote,25,15.1k,https://www.torn.com/profiles.php?XID=1039621,Legacy List 10
386818,dnick493,25,16.1k,https://www.torn.com/profiles.php?XID=386818,Legacy List 2
2047644,R0cknR0lla,25,16700,https://www.torn.com/profiles.php?XID=2047644,Torn Forum Leveling Targets - Targets 10k-100k estimated stats
4980,Finnishboy,25,16.8k,https://www.torn.com/profiles.php?XID=4980,Legacy List 6
219054,amy_gray,25,17000,https://www.torn.com/profiles.php?XID=219054,Torn Forum Leveling Targets - Targets 10k-100k estimated stats
1362214,Furamax,25,17.0k,https://www.torn.com/profiles.php?XID=1362214,Legacy List 10
1565523,Hawk000,25,17.6k,https://www.torn.com/profiles.php?XID=1565523,Legacy List 4
28699,Ryoma,25,"18,392",https://www.torn.com/profiles.php?XID=28699,Baldr's Extra List 2
557812,CypriotWarrior,25,18.5k,https://www.torn.com/profiles.php?XID=557812,Legacy List 9
527437,chapman317,25,19.4k,https://www.torn.com/profiles.php?XID=527437,Torn Forum Leveling Targets - Targets 10k-100k estimated stats | Legacy List 3
111800,Dezla,25,19.7k,https://www.torn.com/profiles.php?XID=111800,Legacy List 13
975896,Azmodeus,25,19.9k,https://www.torn.com/profiles.php?XID=975896,Legacy List 7
555262,E2-Gangsta-007,25,19.9k,https://www.torn.com/profiles.php?XID=555262,Legacy List 3
748390,Al-qassam,25,20.2k,https://www.torn.com/profiles.php?XID=748390,Legacy List 12
1443837,ALFplay,25,20.2k,https://www.torn.com/profiles.php?XID=1443837,Legacy List 1
1159381,-miriam-,25,20.5k,https://www.torn.com/profiles.php?XID=1159381,Legacy List 10
1082453,alcapone899,25,21.1k,https://www.torn.com/profiles.php?XID=1082453,Legacy List 13
979263,-iNnoCenTx,25,22100,https://www.torn.com/profiles.php?XID=979263,Torn Forum Leveling Targets - Targets 10k-100k estimated stats
589031,bobey3,25,38.7k,https://www.torn.com/profiles.php?XID=589031,Legacy List 12
526221,EmoKitten192,25,39000,https://www.torn.com/profiles.php?XID=526221,Torn Forum Leveling Targets - Targets 10k-100k estimated stats
21507,Weavr,25,45000,https://www.torn.com/profiles.php?XID=21507,Torn Forum Leveling Targets - Targets 10k-100k estimated stats
2270812,Pahal,25,59000,https://www.torn.com/profiles.php?XID=2270812,Torn Forum Leveling Targets - Targets 10k-100k estimated stats
1020179,ginge121,25,113.6k,https://www.torn.com/profiles.php?XID=1020179,Legacy List 13
567293,Gh0sT120,25,403.0k,https://www.torn.com/profiles.php?XID=567293,Legacy List 12
965274,Aztus,25,3.76m,https://www.torn.com/profiles.php?XID=965274,Legacy List 8
892352,he_is_a_bot,25,6.36m,https://www.torn.com/profiles.php?XID=892352,Legacy List 5
932892,EndlessHaze,25,7.61m,https://www.torn.com/profiles.php?XID=932892,Legacy List 4
1265642,agreaves,24,94,https://www.torn.com/profiles.php?XID=1265642,Baldr's List 2 | Legacy List 8
861978,killatrone_4000,24,155,https://www.torn.com/profiles.php?XID=861978,Baldr's List 2 | Legacy List 1
993561,natashamarie,24,177,https://www.torn.com/profiles.php?XID=993561,Baldr's List 2 | Legacy List 9
475911,lordzenn,24,197,https://www.torn.com/profiles.php?XID=475911,Baldr's List 2 | Legacy List 5
853558,xVx-Assassin,24,207,https://www.torn.com/profiles.php?XID=853558,Baldr's List 2 | Legacy List 5
1199867,transvaaler,24,234,https://www.torn.com/profiles.php?XID=1199867,Baldr's List 2 | Legacy List 4
556637,-SasukeUchiha-,24,235,https://www.torn.com/profiles.php?XID=556637,Baldr's List 2 | Legacy List 7
318410,mroq,24,279,https://www.torn.com/profiles.php?XID=318410,Baldr's List 2 | Legacy List 8
627612,AnnabellLee,24,293,https://www.torn.com/profiles.php?XID=627612,Baldr's List 2 | Legacy List 9
646007,dj95,24,301,https://www.torn.com/profiles.php?XID=646007,Legacy List 4
719349,DJJR,24,337,https://www.torn.com/profiles.php?XID=719349,Baldr's List 2 | Legacy List 5
969920,jackiboi2k8,24,337,https://www.torn.com/profiles.php?XID=969920,Baldr's List 2 | Legacy List 11
656275,JoeCool555,24,356,https://www.torn.com/profiles.php?XID=656275,Baldr's List 2 | Legacy List 12
587991,silverwings19,24,363,https://www.torn.com/profiles.php?XID=587991,Baldr's List 2 | Legacy List 13
586812,lowlaynsten,24,368,https://www.torn.com/profiles.php?XID=586812,Baldr's List 2 | Legacy List 6
590277,evil-one,24,396,https://www.torn.com/profiles.php?XID=590277,Baldr's List 2 | Legacy List 9
178235,sidmire,24,396,https://www.torn.com/profiles.php?XID=178235,Baldr's List 2 | Legacy List 12
44940,LilPimpinjr,24,406,https://www.torn.com/profiles.php?XID=44940,Baldr's List 2 | Legacy List 3
983314,killer133,24,416,https://www.torn.com/profiles.php?XID=983314,Baldr's List 2 | Legacy List 2
888467,cascao,24,428,https://www.torn.com/profiles.php?XID=888467,Baldr's List 2 | Legacy List 12
1306114,artsmart020,24,459,https://www.torn.com/profiles.php?XID=1306114,Baldr's List 2 | Legacy List 10
1269587,Darkstar123,24,459,https://www.torn.com/profiles.php?XID=1269587,Baldr's List 2 | Legacy List 1
567611,xXDannyBoiiXx,24,459,https://www.torn.com/profiles.php?XID=567611,Baldr's List 2 | Legacy List 6
782249,Slim_JIM,24,527,https://www.torn.com/profiles.php?XID=782249,Baldr's List 2 | Legacy List 2
56712,Demon_Lizzard,24,599,https://www.torn.com/profiles.php?XID=56712,Baldr's List 2 | Legacy List 2
383473,kicks,24,621,https://www.torn.com/profiles.php?XID=383473,Baldr's List 2 | Legacy List 13
894205,determanator,24,650,https://www.torn.com/profiles.php?XID=894205,Baldr's List 2 | Torn Forum Leveling Targets - Targets under 1000 estimated stats | Legacy List 3
1016568,Rurouni,24,676,https://www.torn.com/profiles.php?XID=1016568,Baldr's List 2 | Legacy List 11
481648,CrayolaCrackers,24,703,https://www.torn.com/profiles.php?XID=481648,Baldr's List 2 | Legacy List 13
874491,Ibrahim1250,24,703,https://www.torn.com/profiles.php?XID=874491,Baldr's List 2 | Legacy List 10
246649,--KW--DARk,24,738,https://www.torn.com/profiles.php?XID=246649,Baldr's List 2 | Legacy List 6
443421,loppolman,24,796,https://www.torn.com/profiles.php?XID=443421,Baldr's List 2 | Legacy List 4
194310,peacefrog,24,796,https://www.torn.com/profiles.php?XID=194310,Baldr's List 2 | Legacy List 10
104318,soldier27,24,815,https://www.torn.com/profiles.php?XID=104318,Baldr's List 2 | Legacy List 3
1032025,DonMc94,24,816,https://www.torn.com/profiles.php?XID=1032025,Baldr's List 2 | Legacy List 7
573258,MrBensyBen94,24,845,https://www.torn.com/profiles.php?XID=573258,Baldr's List 2 | Legacy List 7
1011379,doggydog10,24,875,https://www.torn.com/profiles.php?XID=1011379,Baldr's List 2 | Legacy List 6
33084,siurblys,24,936,https://www.torn.com/profiles.php?XID=33084,Baldr's List 2 | Legacy List 1
1387230,dragonman101,24,966,https://www.torn.com/profiles.php?XID=1387230,Baldr's List 2 | Legacy List 8
353161,invishunter,24,"1,003",https://www.torn.com/profiles.php?XID=353161,Baldr's Extra List 3
347364,Brojnikov,24,"1,006",https://www.torn.com/profiles.php?XID=347364,Baldr's Extra List 3
787968,igglepiggle,24,"1,017",https://www.torn.com/profiles.php?XID=787968,Baldr's Extra List 3
504786,esrocked1,24,"1,059",https://www.torn.com/profiles.php?XID=504786,Baldr's Extra List 3
714004,KhoiRyu,24,"1,061",https://www.torn.com/profiles.php?XID=714004,Baldr's Extra List 3
510003,ziwonge,24,"1,095",https://www.torn.com/profiles.php?XID=510003,Baldr's Extra List 3
553287,fleffi,24,"1,113",https://www.torn.com/profiles.php?XID=553287,Baldr's Extra List 3
535986,ORANGEZ,24,"1,134",https://www.torn.com/profiles.php?XID=535986,Baldr's Extra List 3
971899,aaronbuyz,24,"1,153",https://www.torn.com/profiles.php?XID=971899,Baldr's Extra List 3
916292,CodyRst,24,"1,155",https://www.torn.com/profiles.php?XID=916292,Baldr's Extra List 3
670897,Budafa,24,"1,198",https://www.torn.com/profiles.php?XID=670897,Baldr's Extra List 3
522148,saunders,24,"1,204",https://www.torn.com/profiles.php?XID=522148,Baldr's Extra List 3
446282,Doniiie,24,"1,249",https://www.torn.com/profiles.php?XID=446282,Baldr's Extra List 3
512527,eniGzor,24,"1,271",https://www.torn.com/profiles.php?XID=512527,Baldr's Extra List 3
344390,FloodyBoy,24,"1,323",https://www.torn.com/profiles.php?XID=344390,Baldr's Extra List 3
1013307,matspek,24,"1,323",https://www.torn.com/profiles.php?XID=1013307,Baldr's Extra List 3
455918,streetracer,24,"1,346",https://www.torn.com/profiles.php?XID=455918,Baldr's Extra List 3
292411,vince95,24,"1,379",https://www.torn.com/profiles.php?XID=292411,Baldr's Extra List 3
482042,S-P-L-A-T,24,"1,402",https://www.torn.com/profiles.php?XID=482042,Baldr's Extra List 3
970145,op_sasjoe,24,"1,432",https://www.torn.com/profiles.php?XID=970145,Baldr's Extra List 3
273087,sangay-unit,24,"1,440",https://www.torn.com/profiles.php?XID=273087,Baldr's Extra List 3
233737,qualtum,24,"1,452",https://www.torn.com/profiles.php?XID=233737,Baldr's Extra List 3
272293,SmakHead,24,"1,492",https://www.torn.com/profiles.php?XID=272293,Baldr's Extra List 3
19864,upchurch,24,"1,504",https://www.torn.com/profiles.php?XID=19864,Baldr's Extra List 3
568129,PurgingChaos,24,"1,542",https://www.torn.com/profiles.php?XID=568129,Baldr's Extra List 3
525550,Dayne_888,24,"1,577",https://www.torn.com/profiles.php?XID=525550,Baldr's Extra List 3
992984,ZackFair,24,"1,640",https://www.torn.com/profiles.php?XID=992984,Baldr's Extra List 3
314252,Parkzzz,24,"1,656",https://www.torn.com/profiles.php?XID=314252,Baldr's Extra List 3
882854,WOW,24,"1,694",https://www.torn.com/profiles.php?XID=882854,Baldr's Extra List 3
183886,jemolnar2,24,"1,745",https://www.torn.com/profiles.php?XID=183886,Baldr's Extra List 3
742707,Viktor-Tsoi,24,"1,794",https://www.torn.com/profiles.php?XID=742707,Baldr's Extra List 3
914038,calvin5258,24,1.8k,https://www.torn.com/profiles.php?XID=914038,Baldr's Extra List 3 | Legacy List 7
543610,wed608,24,"1,800",https://www.torn.com/profiles.php?XID=543610,Baldr's Extra List 3
950733,MissTakes,24,"1,812",https://www.torn.com/profiles.php?XID=950733,Baldr's Extra List 3
610508,penywize,24,"1,885",https://www.torn.com/profiles.php?XID=610508,Baldr's Extra List 3
465776,Gi_M,24,"1,938",https://www.torn.com/profiles.php?XID=465776,Baldr's Extra List 3
984505,ced70,24,"2,024",https://www.torn.com/profiles.php?XID=984505,Baldr's Extra List 3
197040,Rossder,24,"2,080",https://www.torn.com/profiles.php?XID=197040,Baldr's Extra List 3
773962,micrane1,24,"2,157",https://www.torn.com/profiles.php?XID=773962,Baldr's Extra List 3
528613,henri631,24,"2,261",https://www.torn.com/profiles.php?XID=528613,Baldr's Extra List 3
421990,theprowler,24,"2,282",https://www.torn.com/profiles.php?XID=421990,Baldr's Extra List 3
163117,MsAech,24,"2,297",https://www.torn.com/profiles.php?XID=163117,Baldr's Extra List 3
517671,Glazer13,24,"2,330",https://www.torn.com/profiles.php?XID=517671,Baldr's Extra List 3
432385,aburagheb,24,"2,391",https://www.torn.com/profiles.php?XID=432385,Baldr's Extra List 3
218930,buckolfc,24,"2,419",https://www.torn.com/profiles.php?XID=218930,Baldr's Extra List 3
327989,angel_fire,24,"2,449",https://www.torn.com/profiles.php?XID=327989,Baldr's Extra List 3
857383,SSGTJester,24,"2,525",https://www.torn.com/profiles.php?XID=857383,Baldr's Extra List 3
13800,Trisk,24,"2,555",https://www.torn.com/profiles.php?XID=13800,Baldr's Extra List 3
1064044,Bora,24,"2,568",https://www.torn.com/profiles.php?XID=1064044,Baldr's Extra List 3
918435,hulagadoo,24,"2,673",https://www.torn.com/profiles.php?XID=918435,Baldr's Extra List 3
1399729,BLINTON,24,"2,800",https://www.torn.com/profiles.php?XID=1399729,Baldr's Extra List 3
1201,SandaP,24,"2,811",https://www.torn.com/profiles.php?XID=1201,Baldr's Extra List 3
20230,lunatik,24,"2,930",https://www.torn.com/profiles.php?XID=20230,Baldr's Extra List 3
1258259,conchi,24,"2,958",https://www.torn.com/profiles.php?XID=1258259,Baldr's Extra List 3
566824,jonlyth,24,"3,271",https://www.torn.com/profiles.php?XID=566824,Baldr's Extra List 3
305270,ANTIHIPPY,24,"3,330",https://www.torn.com/profiles.php?XID=305270,Baldr's Extra List 3
627428,Nicktwo,24,"3,729",https://www.torn.com/profiles.php?XID=627428,Baldr's Extra List 3
31580,Sindel,24,"4,364",https://www.torn.com/profiles.php?XID=31580,Baldr's Extra List 3
185939,ChasingFate,24,"4,752",https://www.torn.com/profiles.php?XID=185939,Baldr's Extra List 3
970577,-The_Assassin-,24,5090,https://www.torn.com/profiles.php?XID=970577,Torn Forum Leveling Targets - Targets 1000-10000 estimated stats
232200,blop,24,"5,143",https://www.torn.com/profiles.php?XID=232200,Baldr's Extra List 3
451340,scorpion51501,24,"5,379",https://www.torn.com/profiles.php?XID=451340,Baldr's Extra List 3
666693,ghost-12,24,"5,412",https://www.torn.com/profiles.php?XID=666693,Baldr's Extra List 3
165654,Brainiac316,24,"5,945",https://www.torn.com/profiles.php?XID=165654,Baldr's Extra List 3
768647,Sioloc,24,"7,042",https://www.torn.com/profiles.php?XID=768647,Baldr's Extra List 3
170474,Cherry_Piercer,24,"7,367",https://www.torn.com/profiles.php?XID=170474,Baldr's Extra List 3
367657,Muteki,24,"8,441",https://www.torn.com/profiles.php?XID=367657,Baldr's Extra List 3
507984,Singre,24,"9,112",https://www.torn.com/profiles.php?XID=507984,Baldr's Extra List 3
218703,TC_BADBOY,24,"9,447",https://www.torn.com/profiles.php?XID=218703,Baldr's Extra List 3
1192931,-TTD-blackholex,24,23500,https://www.torn.com/profiles.php?XID=1192931,Torn Forum Leveling Targets - Targets 10k-100k estimated stats
630582,JOB420,24,24100,https://www.torn.com/profiles.php?XID=630582,Torn Forum Leveling Targets - Targets 10k-100k estimated stats
72616,Cortisan,24,31000,https://www.torn.com/profiles.php?XID=72616,Torn Forum Leveling Targets - Targets 10k-100k estimated stats
27342,DeltaForce2,24,45000,https://www.torn.com/profiles.php?XID=27342,Torn Forum Leveling Targets - Targets 10k-100k estimated stats
1642492,MentalNameless,24,54000,https://www.torn.com/profiles.php?XID=1642492,Torn Forum Leveling Targets - Targets 10k-100k estimated stats
769246,redeye1139,24,"170,846",https://www.torn.com/profiles.php?XID=769246,Baldr's Extra List 3
525046,DiosPhoenix,24,"1,597,366",https://www.torn.com/profiles.php?XID=525046,Baldr's Extra List 3
1767284,Awesome0ne,24,Unknown,https://www.torn.com/profiles.php?XID=1767284,Legacy List 11
321212,Windangel,23,38,https://www.torn.com/profiles.php?XID=321212,Slinky Leveling Targets
1411624,insanezane,23,75,https://www.torn.com/profiles.php?XID=1411624,Slinky Leveling Targets
382353,deadlydazza1,23,84,https://www.torn.com/profiles.php?XID=382353,Slinky Leveling Targets
353299,yaesu001,23,126,https://www.torn.com/profiles.php?XID=353299,Baldr's List 2 | Legacy List 5
542048,Dragon721,23,161,https://www.torn.com/profiles.php?XID=542048,Baldr's List 2 | Legacy List 11
1293226,ravish,23,283,https://www.torn.com/profiles.php?XID=1293226,Legacy List 4
659243,Monica,23,301,https://www.torn.com/profiles.php?XID=659243,Baldr's List 2 | Torn Forum Leveling Targets - Targets under 1000 estimated stats | Legacy List 2
1104804,mzwpunk,23,396,https://www.torn.com/profiles.php?XID=1104804,Baldr's List 2 | Legacy List 3
352232,maxrocks,23,403,https://www.torn.com/profiles.php?XID=352232,Baldr's List 2 | Legacy List 13
670186,4fingers,23,463,https://www.torn.com/profiles.php?XID=670186,Baldr's List 2 | Legacy List 9
603201,-Dead-Soulja-,23,599,https://www.torn.com/profiles.php?XID=603201,Legacy List 8
448387,knucles777,23,875,https://www.torn.com/profiles.php?XID=448387,Baldr's List 2 | Legacy List 12
441061,ministerdeadman,23,976,https://www.torn.com/profiles.php?XID=441061,Baldr's List 2 | Legacy List 1
905505,Bramble420,23,1.2k,https://www.torn.com/profiles.php?XID=905505,Legacy List 10
297041,CooleErica,23,"1,888",https://www.torn.com/profiles.php?XID=297041,Baldr's Extra List 3
295463,therush,23,"2,320",https://www.torn.com/profiles.php?XID=295463,Baldr's Extra List 3
148374,Fijindian,23,"2,384",https://www.torn.com/profiles.php?XID=148374,Baldr's Extra List 3
295547,poeticthug07,23,"2,720",https://www.torn.com/profiles.php?XID=295547,Baldr's Extra List 3
714273,kinggeorge920,23,"2,791",https://www.torn.com/profiles.php?XID=714273,Baldr's Extra List 3
247192,ghettolad,23,3000,https://www.torn.com/profiles.php?XID=247192,Baldr's Extra List 3 | Torn Forum Leveling Targets - Targets 1000-10000 estimated stats
466216,armyguy89,23,"3,839",https://www.torn.com/profiles.php?XID=466216,Baldr's Extra List 3
559654,DamonDolittle,23,4000,https://www.torn.com/profiles.php?XID=559654,Torn Forum Leveling Targets - Targets 1000-10000 estimated stats
372349,tOku_1,23,4000,https://www.torn.com/profiles.php?XID=372349,Torn Forum Leveling Targets - Targets 1000-10000 estimated stats
1198138,grafixswed,23,4730,https://www.torn.com/profiles.php?XID=1198138,Torn Forum Leveling Targets - Targets 1000-10000 estimated stats
1109163,afortunado7,23,9000,https://www.torn.com/profiles.php?XID=1109163,Torn Forum Leveling Targets - Targets 1000-10000 estimated stats
2200856,XIythe,23,9040,https://www.torn.com/profiles.php?XID=2200856,Torn Forum Leveling Targets - Targets 1000-10000 estimated stats
386829,Fanciful,23,16900,https://www.torn.com/profiles.php?XID=386829,Torn Forum Leveling Targets - Targets 10k-100k estimated stats
2204514,anka1,23,19700,https://www.torn.com/profiles.php?XID=2204514,Torn Forum Leveling Targets - Targets 10k-100k estimated stats
1276868,ProtoKiller,23,20000,https://www.torn.com/profiles.php?XID=1276868,Torn Forum Leveling Targets - Targets 10k-100k estimated stats
566962,XI-Am-LeGeNdDX,23,20800,https://www.torn.com/profiles.php?XID=566962,Torn Forum Leveling Targets - Targets 10k-100k estimated stats
1722894,zombilekkoo,23,31000,https://www.torn.com/profiles.php?XID=1722894,Torn Forum Leveling Targets - Targets 10k-100k estimated stats
440912,LEP-Recon,23,43000,https://www.torn.com/profiles.php?XID=440912,Torn Forum Leveling Targets - Targets 10k-100k estimated stats
490329,Skyfire,23,43000,https://www.torn.com/profiles.php?XID=490329,Torn Forum Leveling Targets - Targets 10k-100k estimated stats
326408,-Karen-,23,48000,https://www.torn.com/profiles.php?XID=326408,Torn Forum Leveling Targets - Targets 10k-100k estimated stats
1182544,wadseee,22,51,https://www.torn.com/profiles.php?XID=1182544,Slinky Leveling Targets | Legacy List 6
1650969,Lazerchild007,22,94,https://www.torn.com/profiles.php?XID=1650969,Slinky Leveling Targets
652570,nuryn,22,268,https://www.torn.com/profiles.php?XID=652570,Baldr's List 2 | Legacy List 3
693146,K00L-,22,285,https://www.torn.com/profiles.php?XID=693146,Baldr's List 2 | Legacy List 13
687771,wilson121,22,301,https://www.torn.com/profiles.php?XID=687771,Legacy List 7
595042,scottywalker,22,432,https://www.torn.com/profiles.php?XID=595042,Baldr's List 2 | Legacy List 5
63476,63476,22,481,https://www.torn.com/profiles.php?XID=63476,Baldr's List 2 | Legacy List 5
1390755,kaungkaung3887,22,504,https://www.torn.com/profiles.php?XID=1390755,Legacy List 1
857036,D4RKM1ND101,22,574,https://www.torn.com/profiles.php?XID=857036,Legacy List 8
508876,HatchetWarrior,22,599,https://www.torn.com/profiles.php?XID=508876,Baldr's List 2 | Legacy List 9
640180,Pandemic,22,730,https://www.torn.com/profiles.php?XID=640180,Baldr's List 2 | Legacy List 4
104247,hotrod,22,940,https://www.torn.com/profiles.php?XID=104247,Baldr's List 2 | Legacy List 10
1026129,Moonshiner,22,968,https://www.torn.com/profiles.php?XID=1026129,Legacy List 2
735269,jvwarrior,22,1.0k,https://www.torn.com/profiles.php?XID=735269,Legacy List 12
687503,boorber,22,1.3k,https://www.torn.com/profiles.php?XID=687503,Legacy List 6
859818,thepoo,22,1560,https://www.torn.com/profiles.php?XID=859818,Torn Forum Leveling Targets - Targets 1000-10000 estimated stats
423483,sexybitch987,22,3000,https://www.torn.com/profiles.php?XID=423483,Torn Forum Leveling Targets - Targets 1000-10000 estimated stats
2460665,Relyks_Doog,22,3260,https://www.torn.com/profiles.php?XID=2460665,Torn Forum Leveling Targets - Targets 1000-10000 estimated stats
1423243,Kasume,22,3570,https://www.torn.com/profiles.php?XID=1423243,Torn Forum Leveling Targets - Targets 1000-10000 estimated stats
590783,isidor90210,22,3.6k,https://www.torn.com/profiles.php?XID=590783,Legacy List 11
131423,TinyTony,22,7110,https://www.torn.com/profiles.php?XID=131423,Torn Forum Leveling Targets - Targets 1000-10000 estimated stats
8329,zzz123,22,17600,https://www.torn.com/profiles.php?XID=8329,Torn Forum Leveling Targets - Targets 10k-100k estimated stats
2070072,Taken007,22,19200,https://www.torn.com/profiles.php?XID=2070072,Torn Forum Leveling Targets - Targets 10k-100k estimated stats
41523,Sublime2006,22,20400,https://www.torn.com/profiles.php?XID=41523,Torn Forum Leveling Targets - Targets 10k-100k estimated stats
454605,princessroyal,22,45000,https://www.torn.com/profiles.php?XID=454605,Torn Forum Leveling Targets - Targets 10k-100k estimated stats
1503471,ozseychick,21,38,https://www.torn.com/profiles.php?XID=1503471,Slinky Leveling Targets
444993,chichi,21,59,https://www.torn.com/profiles.php?XID=444993,Slinky Leveling Targets
1114962,CM_Punket619,21,59,https://www.torn.com/profiles.php?XID=1114962,Slinky Leveling Targets
1446951,shmall,21,59,https://www.torn.com/profiles.php?XID=1446951,Slinky Leveling Targets
1822211,Thargon,21,59,https://www.torn.com/profiles.php?XID=1822211,Slinky Leveling Targets
1454901,ceebee93,21,75,https://www.torn.com/profiles.php?XID=1454901,Slinky Leveling Targets
906645,ginger1,21,94,https://www.torn.com/profiles.php?XID=906645,Slinky Leveling Targets
534510,green_punk768,21,108,https://www.torn.com/profiles.php?XID=534510,Baldr's List 2 | Legacy List 3
1371819,freakddg83,21,126,https://www.torn.com/profiles.php?XID=1371819,Legacy List 2
1040562,CrisTheVampire,21,150,https://www.torn.com/profiles.php?XID=1040562,Legacy List 12
1079830,Madds4,21,163,https://www.torn.com/profiles.php?XID=1079830,Legacy List 7
507739,Miff99,21,163,https://www.torn.com/profiles.php?XID=507739,Baldr's List 2 | Legacy List 9
172402,CdWilliams101,21,257,https://www.torn.com/profiles.php?XID=172402,Baldr's List 2 | Legacy List 10
508367,Adam12321,21,301,https://www.torn.com/profiles.php?XID=508367,Baldr's List 2 | Legacy List 5
775683,batista1,21,319,https://www.torn.com/profiles.php?XID=775683,Legacy List 8
456008,Misspriss,21,323,https://www.torn.com/profiles.php?XID=456008,Baldr's List 2 | Legacy List 10
591855,RockinGamer,21,331,https://www.torn.com/profiles.php?XID=591855,Baldr's List 2 | Legacy List 2
247701,phyzco,21,390,https://www.torn.com/profiles.php?XID=247701,Baldr's List 2 | Legacy List 13
955843,Password,21,396,https://www.torn.com/profiles.php?XID=955843,Legacy List 12
983094,bASTO,21,437,https://www.torn.com/profiles.php?XID=983094,Legacy List 7
470393,34tiger,21,527,https://www.torn.com/profiles.php?XID=470393,Baldr's List 2 | Legacy List 4
920391,bean101,21,527,https://www.torn.com/profiles.php?XID=920391,Legacy List 9
1282831,flame1995,21,527,https://www.torn.com/profiles.php?XID=1282831,Legacy List 1
471778,Adrian1221,21,543,https://www.torn.com/profiles.php?XID=471778,Baldr's List 2 | Legacy List 6
951810,hoops1113,21,550,https://www.torn.com/profiles.php?XID=951810,Legacy List 4
999334,klord,21,574,https://www.torn.com/profiles.php?XID=999334,Legacy List 6
505181,SufferingWierdo,21,574,https://www.torn.com/profiles.php?XID=505181,Legacy List 3
323695,323695,21,638,https://www.torn.com/profiles.php?XID=323695,Baldr's List 2 | Legacy List 3
756876,wras,21,690,https://www.torn.com/profiles.php?XID=756876,Torn Forum Leveling Targets - Targets under 1000 estimated stats
607500,eminem999,21,758,https://www.torn.com/profiles.php?XID=607500,Legacy List 13
1501130,trooney1992,21,936,https://www.torn.com/profiles.php?XID=1501130,Legacy List 4
1410804,irokthedude,21,1.0k,https://www.torn.com/profiles.php?XID=1410804,Legacy List 5
1403093,nedster34,21,1.0k,https://www.torn.com/profiles.php?XID=1403093,Legacy List 11
729522,HIT_MAN_94,21,"1,016",https://www.torn.com/profiles.php?XID=729522,Baldr's Extra List 3
1521739,Spongebobscuzin,21,1020,https://www.torn.com/profiles.php?XID=1521739,Torn Forum Leveling Targets - Targets 1000-10000 estimated stats
30117,BGenDron,21,"1,047",https://www.torn.com/profiles.php?XID=30117,Baldr's Extra List 3
556294,megan56,21,"1,229",https://www.torn.com/profiles.php?XID=556294,Baldr's Extra List 3
847030,mcleano,21,1.3k,https://www.torn.com/profiles.php?XID=847030,Legacy List 8
1190929,rean,21,2.9k,https://www.torn.com/profiles.php?XID=1190929,Legacy List 1
1284030,princessa55,21,11400,https://www.torn.com/profiles.php?XID=1284030,Torn Forum Leveling Targets - Targets 10k-100k estimated stats
1968789,Originalspinny,21,16200,https://www.torn.com/profiles.php?XID=1968789,Torn Forum Leveling Targets - Targets 10k-100k estimated stats
1545493,rejey8,21,21200,https://www.torn.com/profiles.php?XID=1545493,Torn Forum Leveling Targets - Targets 10k-100k estimated stats
1750733,Amoeba33,21,34000,https://www.torn.com/profiles.php?XID=1750733,Torn Forum Leveling Targets - Targets 10k-100k estimated stats
1511787,RieZMY,21,37000,https://www.torn.com/profiles.php?XID=1511787,Torn Forum Leveling Targets - Targets 10k-100k estimated stats
1271570,CLAMPY,21,62.7k,https://www.torn.com/profiles.php?XID=1271570,Legacy List 11
1701853,dre_babz,20,44,https://www.torn.com/profiles.php?XID=1701853,Slinky Leveling Targets
1490601,towerhill,20,51,https://www.torn.com/profiles.php?XID=1490601,Slinky Leveling Targets
1556854,fighter20,20,67,https://www.torn.com/profiles.php?XID=1556854,Slinky Leveling Targets | Legacy List 1
1378700,don98,20,75,https://www.torn.com/profiles.php?XID=1378700,Slinky Leveling Targets
1749074,KingRucker,20,75,https://www.torn.com/profiles.php?XID=1749074,Slinky Leveling Targets
1454252,HlaingBowarAung,20,80,https://www.torn.com/profiles.php?XID=1454252,Torn Forum Leveling Targets - Targets under 1000 estimated stats
969780,livehere,20,84,https://www.torn.com/profiles.php?XID=969780,Baldr's List 3 | Slinky Leveling Targets | Legacy List 6
685929,samartin,20,90,https://www.torn.com/profiles.php?XID=685929,Baldr's List 3 | Slinky Leveling Targets | Legacy List 11
1542030,ash_j,20,94,https://www.torn.com/profiles.php?XID=1542030,Legacy List 9
920348,FLOWRIDER,20,94,https://www.torn.com/profiles.php?XID=920348,Slinky Leveling Targets
1389629,tutan,20,94,https://www.torn.com/profiles.php?XID=1389629,Baldr's List 3 | Slinky Leveling Targets | Legacy List 9
524902,fredie,20,98,https://www.torn.com/profiles.php?XID=524902,Baldr's List 3 | Slinky Leveling Targets | Legacy List 10
974933,Hass101,20,99,https://www.torn.com/profiles.php?XID=974933,Baldr's List 3 | Slinky Leveling Targets | Legacy List 1
1022737,joshymitty,20,107,https://www.torn.com/profiles.php?XID=1022737,Baldr's List 3 | Legacy List 13
794755,tnm021,20,111,https://www.torn.com/profiles.php?XID=794755,Baldr's List 3 | Slinky Leveling Targets | Legacy List 8
1400442,landhead71,20,115,https://www.torn.com/profiles.php?XID=1400442,Slinky Leveling Targets | Legacy List 4
1171459,nickp36,20,115,https://www.torn.com/profiles.php?XID=1171459,Baldr's List 3 | Legacy List 13
422145,hisham654,20,117,https://www.torn.com/profiles.php?XID=422145,Baldr's List 3 | Legacy List 2
581343,slykid,20,126,https://www.torn.com/profiles.php?XID=581343,Baldr's List 3 | Legacy List 4
648698,fredmonkey,20,128,https://www.torn.com/profiles.php?XID=648698,Baldr's List 3 | Slinky Leveling Targets | Legacy List 11
857866,bighorse,20,134,https://www.torn.com/profiles.php?XID=857866,Baldr's List 3 | Legacy List 12
313327,qwertypoo,20,147,https://www.torn.com/profiles.php?XID=313327,Baldr's List 3 | Legacy List 7
512249,Jonny4toes,20,150,https://www.torn.com/profiles.php?XID=512249,Baldr's List 3 | Legacy List 11
849660,MRFoxtrot,20,150,https://www.torn.com/profiles.php?XID=849660,Baldr's List 3 | Legacy List 9
1013326,badru,20,163,https://www.torn.com/profiles.php?XID=1013326,Legacy List 10
904225,CHRIS382,20,163,https://www.torn.com/profiles.php?XID=904225,Baldr's List 3 | Legacy List 2
582138,Joshuaaare,20,189,https://www.torn.com/profiles.php?XID=582138,Baldr's List 3 | Legacy List 12
1101484,omoroxs,20,190,https://www.torn.com/profiles.php?XID=1101484,Baldr's List 3 | Legacy List 3
342880,When7Meets7,20,190,https://www.torn.com/profiles.php?XID=342880,Baldr's List 3 | Legacy List 13
790460,Marine2015,20,197,https://www.torn.com/profiles.php?XID=790460,Baldr's List 3 | Legacy List 11
525298,wayneker,20,218,https://www.torn.com/profiles.php?XID=525298,Baldr's List 3 | Legacy List 11
497977,sLiPkNoTbOy,20,220,https://www.torn.com/profiles.php?XID=497977,Baldr's List 3 | Torn Forum Leveling Targets - Targets under 1000 estimated stats | Legacy List 3
677104,mavinny,20,221,https://www.torn.com/profiles.php?XID=677104,Baldr's List 3 | Legacy List 13
580371,mrman,20,222,https://www.torn.com/profiles.php?XID=580371,Baldr's List 3 | Legacy List 10
921628,ken-XXX,20,234,https://www.torn.com/profiles.php?XID=921628,Baldr's List 3 | Legacy List 3
894666,nature95boy,20,247,https://www.torn.com/profiles.php?XID=894666,Baldr's List 3 | Legacy List 12
1413853,smw23,20,266,https://www.torn.com/profiles.php?XID=1413853,Baldr's List 3 | Legacy List 7
579753,weerossy,20,268,https://www.torn.com/profiles.php?XID=579753,Baldr's List 3 | Legacy List 12
428350,Mattyea,20,277,https://www.torn.com/profiles.php?XID=428350,Baldr's List 3 | Legacy List 12
982909,Richev12,20,279,https://www.torn.com/profiles.php?XID=982909,Baldr's List 3 | Legacy List 10
671763,leeroydon,20,282,https://www.torn.com/profiles.php?XID=671763,Baldr's List 3 | Legacy List 5
693966,shaun103,20,283,https://www.torn.com/profiles.php?XID=693966,Baldr's List 3 | Legacy List 2
678613,Pyrogod,20,294,https://www.torn.com/profiles.php?XID=678613,Baldr's List 3 | Legacy List 6
238623,Mijumaru,20,323,https://www.torn.com/profiles.php?XID=238623,Baldr's List 3 | Legacy List 5
469387,hoangnhu,20,326,https://www.torn.com/profiles.php?XID=469387,Baldr's List 3 | Legacy List 3
96674,Nikon,20,340,https://www.torn.com/profiles.php?XID=96674,Baldr's List 3 | Legacy List 1
298602,omgitswill,20,355,https://www.torn.com/profiles.php?XID=298602,Baldr's List 3 | Legacy List 2
490998,guppy12345,20,385,https://www.torn.com/profiles.php?XID=490998,Baldr's List 3 | Legacy List 12
851203,jasonc,20,396,https://www.torn.com/profiles.php?XID=851203,Legacy List 7
916404,SEXYPERSON101,20,403,https://www.torn.com/profiles.php?XID=916404,Baldr's List 3 | Legacy List 13
577479,pimpin,20,419,https://www.torn.com/profiles.php?XID=577479,Baldr's List 3 | Legacy List 4
323067,melinko,20,440,https://www.torn.com/profiles.php?XID=323067,Baldr's List 3 | Legacy List 1
1073189,lucy1011,20,445,https://www.torn.com/profiles.php?XID=1073189,Baldr's List 3 | Legacy List 9
239449,zapman119,20,451,https://www.torn.com/profiles.php?XID=239449,Baldr's List 3 | Legacy List 2
1571208,Crazygirl1298,20,459,https://www.torn.com/profiles.php?XID=1571208,Legacy List 5
896057,andwalt,20,481,https://www.torn.com/profiles.php?XID=896057,Legacy List 6
938020,kashmoney,20,494,https://www.torn.com/profiles.php?XID=938020,Baldr's List 3 | Legacy List 1
331666,AngelOfHealing,20,501,https://www.torn.com/profiles.php?XID=331666,Baldr's List 3 | Legacy List 7
1306189,blood2433,20,501,https://www.torn.com/profiles.php?XID=1306189,Baldr's List 3 | Legacy List 13
509029,ptownboi04,20,504,https://www.torn.com/profiles.php?XID=509029,Baldr's List 3 | Legacy List 5
1151368,Mr_Sosa,20,531,https://www.torn.com/profiles.php?XID=1151368,Baldr's List 3 | Legacy List 8
785081,htk11lerz,20,558,https://www.torn.com/profiles.php?XID=785081,Baldr's List 3 | Legacy List 4
590954,Smiley6666,20,574,https://www.torn.com/profiles.php?XID=590954,Legacy List 6
999990,mic1000,20,588,https://www.torn.com/profiles.php?XID=999990,Baldr's List 3 | Legacy List 3
640201,jackwatkins,20,624,https://www.torn.com/profiles.php?XID=640201,Baldr's List 3 | Legacy List 5
956400,RedArmy92,20,624,https://www.torn.com/profiles.php?XID=956400,Baldr's List 3 | Legacy List 9
424049,RamboX,20,649,https://www.torn.com/profiles.php?XID=424049,Baldr's List 3 | Legacy List 8
295976,JBauer,20,650,https://www.torn.com/profiles.php?XID=295976,Baldr's List 3 | Legacy List 8
848845,smantas,20,676,https://www.torn.com/profiles.php?XID=848845,Baldr's List 3 | Legacy List 5
1003142,1Wonder,20,696,https://www.torn.com/profiles.php?XID=1003142,Baldr's List 3 | Legacy List 3
1391875,mgkanzaw,20,730,https://www.torn.com/profiles.php?XID=1391875,Legacy List 2
708894,anarchyking420,20,787,https://www.torn.com/profiles.php?XID=708894,Legacy List 5
257120,Michelle_Gurl,20,787,https://www.torn.com/profiles.php?XID=257120,Baldr's List 3 | Legacy List 4
279869,LordDragon,20,816,https://www.torn.com/profiles.php?XID=279869,Baldr's List 3 | Legacy List 7
1011214,warfarescare,20,816,https://www.torn.com/profiles.php?XID=1011214,Baldr's List 3 | Legacy List 10
844625,kcmajor36,20,845,https://www.torn.com/profiles.php?XID=844625,Legacy List 2
524329,shanuj,20,845,https://www.torn.com/profiles.php?XID=524329,Legacy List 1
865088,jesse_c,20,850,https://www.torn.com/profiles.php?XID=865088,Baldr's List 3 | Legacy List 9
1368813,Dustymemories,20,905,https://www.torn.com/profiles.php?XID=1368813,Legacy List 7
1545343,hahapoint,20,905,https://www.torn.com/profiles.php?XID=1545343,Legacy List 13
759615,jetybisto,20,905,https://www.torn.com/profiles.php?XID=759615,Legacy List 10
782638,balbaro,20,912,https://www.torn.com/profiles.php?XID=782638,Baldr's List 3 | Legacy List 11
774785,Firestar952,20,936,https://www.torn.com/profiles.php?XID=774785,Baldr's List 3 | Legacy List 9
512111,lordjamman,20,936,https://www.torn.com/profiles.php?XID=512111,Baldr's List 3 | Legacy List 8
734208,Mossy,20,936,https://www.torn.com/profiles.php?XID=734208,Baldr's List 3 | Legacy List 7
1187713,coolcode11,20,1.0k,https://www.torn.com/profiles.php?XID=1187713,Legacy List 4
670286,AItair,20,"1,076",https://www.torn.com/profiles.php?XID=670286,Baldr's Extra List 3
1186908,jacoby308,20,1.1k,https://www.torn.com/profiles.php?XID=1186908,Legacy List 6
770646,asdfsf111,20,1.6k,https://www.torn.com/profiles.php?XID=770646,Legacy List 8
511090,muerto13,20,1.8k,https://www.torn.com/profiles.php?XID=511090,Legacy List 11
1026078,Lyss,20,1.9k,https://www.torn.com/profiles.php?XID=1026078,Legacy List 10
1513968,dochudson,20,2.1k,https://www.torn.com/profiles.php?XID=1513968,Legacy List 6
1616810,serthian,20,2.3k,https://www.torn.com/profiles.php?XID=1616810,Legacy List 12
877991,Bossman88,20,3.3k,https://www.torn.com/profiles.php?XID=877991,Legacy List 1
1302260,fahimuddin,20,4.3k,https://www.torn.com/profiles.php?XID=1302260,Legacy List 8
28,FireFighter194,20,5000,https://www.torn.com/profiles.php?XID=28,Torn Forum Leveling Targets - Targets 1000-10000 estimated stats
1495297,RetriNemesis,20,8110,https://www.torn.com/profiles.php?XID=1495297,Torn Forum Leveling Targets - Targets 1000-10000 estimated stats
2003142,ladyhunter,20,8510,https://www.torn.com/profiles.php?XID=2003142,Torn Forum Leveling Targets - Targets 1000-10000 estimated stats
229978,Infamous-Pwner,20,9000,https://www.torn.com/profiles.php?XID=229978,Torn Forum Leveling Targets - Targets 1000-10000 estimated stats
27275,toonarmy253,20,11000,https://www.torn.com/profiles.php?XID=27275,Torn Forum Leveling Targets - Targets 10k-100k estimated stats
433109,Banana_Lady,20,20500,https://www.torn.com/profiles.php?XID=433109,Torn Forum Leveling Targets - Targets 10k-100k estimated stats
1981537,Tideas,20,22600,https://www.torn.com/profiles.php?XID=1981537,Torn Forum Leveling Targets - Targets 10k-100k estimated stats
227854,TFTR-Kelly-,20,23300,https://www.torn.com/profiles.php?XID=227854,Torn Forum Leveling Targets - Targets 10k-100k estimated stats
474544,sharpfang,20,25700,https://www.torn.com/profiles.php?XID=474544,Torn Forum Leveling Targets - Targets 10k-100k estimated stats
611381,Ace9233,20,29.2k,https://www.torn.com/profiles.php?XID=611381,Legacy List 4
856900,Viprus,20,31000,https://www.torn.com/profiles.php?XID=856900,Torn Forum Leveling Targets - Targets 10k-100k estimated stats
2275007,IronManX329,20,51000,https://www.torn.com/profiles.php?XID=2275007,Torn Forum Leveling Targets - Targets 10k-100k estimated stats
2416488,LittleKiddo,20,61000,https://www.torn.com/profiles.php?XID=2416488,Torn Forum Leveling Targets - Targets 10k-100k estimated stats
579202,codeofdeath,20,Unknown,https://www.torn.com/profiles.php?XID=579202,Legacy List 3
1419655,Mitchy3910,20,Unknown,https://www.torn.com/profiles.php?XID=1419655,Legacy List 6
1767292,XpecoMan,20,Unknown,https://www.torn.com/profiles.php?XID=1767292,Legacy List 1
901426,aaronyuan,19,59,https://www.torn.com/profiles.php?XID=901426,Baldr's List 3 | Slinky Leveling Targets | Legacy List 8
487342,azizul,19,59,https://www.torn.com/profiles.php?XID=487342,Slinky Leveling Targets
575872,blackpower12,19,59,https://www.torn.com/profiles.php?XID=575872,Slinky Leveling Targets
1439547,jt2946,19,59,https://www.torn.com/profiles.php?XID=1439547,Slinky Leveling Targets
1423394,gogo234,19,67,https://www.torn.com/profiles.php?XID=1423394,Baldr's List 3 | Slinky Leveling Targets | Legacy List 1
1475516,Linners,19,67,https://www.torn.com/profiles.php?XID=1475516,Slinky Leveling Targets
2038807,Mrs-Smiley,19,75,https://www.torn.com/profiles.php?XID=2038807,Slinky Leveling Targets
1075217,dmora,19,82,https://www.torn.com/profiles.php?XID=1075217,Baldr's List 3 | Slinky Leveling Targets | Legacy List 8
524669,najun18,19,84,https://www.torn.com/profiles.php?XID=524669,Slinky Leveling Targets
1602560,pug_angel,19,84,https://www.torn.com/profiles.php?XID=1602560,Slinky Leveling Targets
928958,Ophianne,19,94,https://www.torn.com/profiles.php?XID=928958,Slinky Leveling Targets | Legacy List 3
1301482,rabbit132,19,94,https://www.torn.com/profiles.php?XID=1301482,Slinky Leveling Targets | Legacy List 5
1503929,Migos_Avo,19,126,https://www.torn.com/profiles.php?XID=1503929,Legacy List 13
870109,dick646,19,138,https://www.torn.com/profiles.php?XID=870109,Baldr's List 3 | Legacy List 5
847697,yurin8,19,150,https://www.torn.com/profiles.php?XID=847697,Legacy List 13
296249,forgotten_mists,19,176,https://www.torn.com/profiles.php?XID=296249,Baldr's List 3 | Legacy List 10
1496364,hznaing,19,176,https://www.torn.com/profiles.php?XID=1496364,Legacy List 6
1292835,blueyesd2,19,190,https://www.torn.com/profiles.php?XID=1292835,Legacy List 11
1183664,dillin1333,19,190,https://www.torn.com/profiles.php?XID=1183664,Baldr's List 3 | Legacy List 6
625140,haflife678,19,190,https://www.torn.com/profiles.php?XID=625140,Legacy List 3
1378993,lissa,19,204,https://www.torn.com/profiles.php?XID=1378993,Legacy List 11
1028504,winfast,19,204,https://www.torn.com/profiles.php?XID=1028504,Legacy List 11
1419601,BiGBusH,19,219,https://www.torn.com/profiles.php?XID=1419601,Legacy List 10
430140,dannieex,19,219,https://www.torn.com/profiles.php?XID=430140,Baldr's List 3 | Legacy List 1
789256,Frozenmalice,19,219,https://www.torn.com/profiles.php?XID=789256,Baldr's List 3 | Legacy List 12
897513,johnnyboy360,19,219,https://www.torn.com/profiles.php?XID=897513,Legacy List 9
991303,LEE4EVA,19,219,https://www.torn.com/profiles.php?XID=991303,Legacy List 10
1456488,1456488,19,234,https://www.torn.com/profiles.php?XID=1456488,Legacy List 7
1314993,samjai88,19,234,https://www.torn.com/profiles.php?XID=1314993,Legacy List 7
1579922,woppers,19,234,https://www.torn.com/profiles.php?XID=1579922,Legacy List 12
935251,Febreeze,19,250,https://www.torn.com/profiles.php?XID=935251,Baldr's List 3 | Legacy List 9
1177121,propaganda,19,250,https://www.torn.com/profiles.php?XID=1177121,Legacy List 4
1169008,Foxy-Roxy04,19,253,https://www.torn.com/profiles.php?XID=1169008,Baldr's List 3 | Legacy List 11
367428,cooterjessie,19,296,https://www.torn.com/profiles.php?XID=367428,Baldr's List 3 | Legacy List 13
1008675,hiromishi,19,301,https://www.torn.com/profiles.php?XID=1008675,Legacy List 5
1587912,gillani,19,319,https://www.torn.com/profiles.php?XID=1587912,Legacy List 13
1417690,ninjak,19,337,https://www.torn.com/profiles.php?XID=1417690,Legacy List 2
555271,DarthZannah,19,351,https://www.torn.com/profiles.php?XID=555271,Baldr's List 3 | Legacy List 2
1100197,skullmaster,19,356,https://www.torn.com/profiles.php?XID=1100197,Legacy List 9
750371,djyoda,19,412,https://www.torn.com/profiles.php?XID=750371,Baldr's List 3 | Legacy List 7
463693,van-helsing,19,437,https://www.torn.com/profiles.php?XID=463693,Legacy List 10
1016527,1016527,19,504,https://www.torn.com/profiles.php?XID=1016527,Legacy List 6
1182327,SexyPorn3214,19,504,https://www.torn.com/profiles.php?XID=1182327,Legacy List 8
1319741,Demonic_Boss,19,574,https://www.torn.com/profiles.php?XID=1319741,Legacy List 4
1380052,-007,19,599,https://www.torn.com/profiles.php?XID=1380052,Baldr's List 3 | Legacy List 4
1484815,zamzam,19,650,https://www.torn.com/profiles.php?XID=1484815,Legacy List 1
477364,beggerboy,19,729,https://www.torn.com/profiles.php?XID=477364,Baldr's List 3 | Legacy List 9
1192940,davey1,19,758,https://www.torn.com/profiles.php?XID=1192940,Legacy List 3
927486,Rell,19,787,https://www.torn.com/profiles.php?XID=927486,Legacy List 6
1442848,casper619,19,936,https://www.torn.com/profiles.php?XID=1442848,Baldr's List 3 | Legacy List 12
1444827,Hasnain10,19,1.0k,https://www.torn.com/profiles.php?XID=1444827,Legacy List 4
1126022,Hafizin,19,1.1k,https://www.torn.com/profiles.php?XID=1126022,Legacy List 2
1411346,Jane_x,19,1.1k,https://www.torn.com/profiles.php?XID=1411346,Legacy List 7
1310228,zzulzz,19,1.1k,https://www.torn.com/profiles.php?XID=1310228,Legacy List 2
544507,-TaXIon-,19,1.3k,https://www.torn.com/profiles.php?XID=544507,Legacy List 5
892496,jf99,19,1.4k,https://www.torn.com/profiles.php?XID=892496,Legacy List 8
1585548,mkds,19,1.8k,https://www.torn.com/profiles.php?XID=1585548,Legacy List 1
785916,-harvey-,19,2000,https://www.torn.com/profiles.php?XID=785916,Torn Forum Leveling Targets - Targets 1000-10000 estimated stats
1276959,Mechwing,19,2.2k,https://www.torn.com/profiles.php?XID=1276959,Legacy List 12
590306,Immense,19,7040,https://www.torn.com/profiles.php?XID=590306,Torn Forum Leveling Targets - Targets 1000-10000 estimated stats
201365,Massano,19,17500,https://www.torn.com/profiles.php?XID=201365,Torn Forum Leveling Targets - Targets 10k-100k estimated stats
15262,-JessicA,19,23800,https://www.torn.com/profiles.php?XID=15262,Torn Forum Leveling Targets - Targets 10k-100k estimated stats
947563,MarIboro,19,36000,https://www.torn.com/profiles.php?XID=947563,Torn Forum Leveling Targets - Targets 10k-100k estimated stats
610742,alison_angel,18,59,https://www.torn.com/profiles.php?XID=610742,Slinky Leveling Targets
1302033,georgebighead,18,59,https://www.torn.com/profiles.php?XID=1302033,Slinky Leveling Targets
1324504,ClayDude,18,67,https://www.torn.com/profiles.php?XID=1324504,Slinky Leveling Targets | Legacy List 13
1432102,vuyo,18,75,https://www.torn.com/profiles.php?XID=1432102,Slinky Leveling Targets | Legacy List 3
1366126,Boo12,18,84,https://www.torn.com/profiles.php?XID=1366126,Slinky Leveling Targets | Legacy List 10
894991,daniel0434,18,84,https://www.torn.com/profiles.php?XID=894991,Slinky Leveling Targets | Legacy List 4
1330125,ghostbusterz13,18,84,https://www.torn.com/profiles.php?XID=1330125,Slinky Leveling Targets | Legacy List 10
1453389,kaison13,18,84,https://www.torn.com/profiles.php?XID=1453389,Slinky Leveling Targets | Legacy List 12
1364960,superspooky12,18,84,https://www.torn.com/profiles.php?XID=1364960,Slinky Leveling Targets | Legacy List 8
1361202,vampire1996,18,84,https://www.torn.com/profiles.php?XID=1361202,Slinky Leveling Targets | Legacy List 1
668482,firelordflame,18,94,https://www.torn.com/profiles.php?XID=668482,Slinky Leveling Targets
1396936,kirstie76,18,94,https://www.torn.com/profiles.php?XID=1396936,Slinky Leveling Targets | Legacy List 2
1395728,kyro56,18,94,https://www.torn.com/profiles.php?XID=1395728,Slinky Leveling Targets | Legacy List 3
1372526,chck152,18,138,https://www.torn.com/profiles.php?XID=1372526,Legacy List 12
1318542,indicator34,18,138,https://www.torn.com/profiles.php?XID=1318542,Legacy List 11
1143714,Adri99,18,150,https://www.torn.com/profiles.php?XID=1143714,Legacy List 8
1714608,lun471k,18,150,https://www.torn.com/profiles.php?XID=1714608,Torn Forum Leveling Targets - Targets under 1000 estimated stats
1210466,rambo85,18,163,https://www.torn.com/profiles.php?XID=1210466,Legacy List 13
959900,captain_toshiro,18,176,https://www.torn.com/profiles.php?XID=959900,Legacy List 11
1359643,DA_J,18,176,https://www.torn.com/profiles.php?XID=1359643,Legacy List 3
1180502,Keplex,18,190,https://www.torn.com/profiles.php?XID=1180502,Legacy List 1
1653000,MikeIser,18,204,https://www.torn.com/profiles.php?XID=1653000,Legacy List 7
915359,4srd4,18,234,https://www.torn.com/profiles.php?XID=915359,Legacy List 7
1263433,Kamran12345,18,250,https://www.torn.com/profiles.php?XID=1263433,Legacy List 13
891128,spooner911,18,266,https://www.torn.com/profiles.php?XID=891128,Legacy List 6
1378016,1378016,18,283,https://www.torn.com/profiles.php?XID=1378016,Legacy List 6
1407137,Stalehell,18,283,https://www.torn.com/profiles.php?XID=1407137,Legacy List 7
1002887,lamborghini1,18,301,https://www.torn.com/profiles.php?XID=1002887,Legacy List 4
1522670,fahy,18,337,https://www.torn.com/profiles.php?XID=1522670,Legacy List 9
941021,TrickyRicky22,18,356,https://www.torn.com/profiles.php?XID=941021,Legacy List 12
1278240,oR3CKLESSo,18,396,https://www.torn.com/profiles.php?XID=1278240,Legacy List 10
622374,dark_zodiac7,18,416,https://www.torn.com/profiles.php?XID=622374,Legacy List 5
1005018,REBELNO1,18,416,https://www.torn.com/profiles.php?XID=1005018,Legacy List 2
931844,REBELPRIDE,18,437,https://www.torn.com/profiles.php?XID=931844,Legacy List 3
577266,Razgriz23,18,481,https://www.torn.com/profiles.php?XID=577266,Legacy List 1
1323153,batod,18,574,https://www.torn.com/profiles.php?XID=1323153,Legacy List 9
1838978,raavynshroud,18,599,https://www.torn.com/profiles.php?XID=1838978,Legacy List 12
692386,tomm1001,18,650,https://www.torn.com/profiles.php?XID=692386,Legacy List 11
1160497,tuanarif,18,703,https://www.torn.com/profiles.php?XID=1160497,Legacy List 13
842230,collector,18,845,https://www.torn.com/profiles.php?XID=842230,Legacy List 1
1029850,porn_lover_1,18,936,https://www.torn.com/profiles.php?XID=1029850,Legacy List 11
920457,Slicker,18,968,https://www.torn.com/profiles.php?XID=920457,Legacy List 5
1615564,littlewillow93,18,1.0k,https://www.torn.com/profiles.php?XID=1615564,Legacy List 5
707693,cornick96,18,1.3k,https://www.torn.com/profiles.php?XID=707693,Legacy List 2
1418250,vnesh,18,1.3k,https://www.torn.com/profiles.php?XID=1418250,Legacy List 2
1344597,maran10,18,1.5k,https://www.torn.com/profiles.php?XID=1344597,Legacy List 6
1127462,mizukava,18,1.7k,https://www.torn.com/profiles.php?XID=1127462,Legacy List 8
959589,Dejanone,18,1.9k,https://www.torn.com/profiles.php?XID=959589,Legacy List 7
1518359,ThePrinnyMaster,18,1.9k,https://www.torn.com/profiles.php?XID=1518359,Legacy List 9
782754,tigre195,18,2.1k,https://www.torn.com/profiles.php?XID=782754,Legacy List 10
1297161,ajc79813,18,2250,https://www.torn.com/profiles.php?XID=1297161,Torn Forum Leveling Targets - Targets 1000-10000 estimated stats
2122540,NMPhotoGuy,18,5010,https://www.torn.com/profiles.php?XID=2122540,Torn Forum Leveling Targets - Targets 1000-10000 estimated stats
143556,gigatare,18,6830,https://www.torn.com/profiles.php?XID=143556,Torn Forum Leveling Targets - Targets 1000-10000 estimated stats
619415,Faramir,18,7200,https://www.torn.com/profiles.php?XID=619415,Torn Forum Leveling Targets - Targets 1000-10000 estimated stats
265855,MegaLolz,18,7670,https://www.torn.com/profiles.php?XID=265855,Torn Forum Leveling Targets - Targets 1000-10000 estimated stats
1148255,DestinyFreedom,18,8950,https://www.torn.com/profiles.php?XID=1148255,Torn Forum Leveling Targets - Targets 1000-10000 estimated stats
2163693,Li4m79,18,10330,https://www.torn.com/profiles.php?XID=2163693,Torn Forum Leveling Targets - Targets 10k-100k estimated stats
23072,Nihil,18,11300,https://www.torn.com/profiles.php?XID=23072,Torn Forum Leveling Targets - Targets 10k-100k estimated stats
24817,Ryoko,18,11700,https://www.torn.com/profiles.php?XID=24817,Torn Forum Leveling Targets - Targets 10k-100k estimated stats
1555891,legendarykillrH,18,12300,https://www.torn.com/profiles.php?XID=1555891,Torn Forum Leveling Targets - Targets 10k-100k estimated stats
2473534,Baby_Yoda,18,18300,https://www.torn.com/profiles.php?XID=2473534,Torn Forum Leveling Targets - Targets 10k-100k estimated stats
1807242,ulithian,18,20000,https://www.torn.com/profiles.php?XID=1807242,Torn Forum Leveling Targets - Targets 10k-100k estimated stats
1794475,Pilagrim1,18,22300,https://www.torn.com/profiles.php?XID=1794475,Torn Forum Leveling Targets - Targets 10k-100k estimated stats
1502708,__ika__,18,26000,https://www.torn.com/profiles.php?XID=1502708,Torn Forum Leveling Targets - Targets 10k-100k estimated stats
860699,noelx,18,40.4k,https://www.torn.com/profiles.php?XID=860699,Legacy List 9
1450441,Devil-kid364,18,61.2k,https://www.torn.com/profiles.php?XID=1450441,Legacy List 8
1507158,David_O_Hara,18,185.2k,https://www.torn.com/profiles.php?XID=1507158,Legacy List 6
986909,saltypuma,18,Unknown,https://www.torn.com/profiles.php?XID=986909,Legacy List 4
1606267,jakej96,17,51,https://www.torn.com/profiles.php?XID=1606267,Slinky Leveling Targets
2405369,ClosetRealtor,17,59,https://www.torn.com/profiles.php?XID=2405369,Slinky Leveling Targets
1835803,freaksh0w,17,67,https://www.torn.com/profiles.php?XID=1835803,Slinky Leveling Targets
554071,angelic_layer,17,84,https://www.torn.com/profiles.php?XID=554071,Slinky Leveling Targets | Legacy List 2
1191400,suicide97,17,84,https://www.torn.com/profiles.php?XID=1191400,Legacy List 12
1351922,whorree_mail_me,17,84,https://www.torn.com/profiles.php?XID=1351922,Slinky Leveling Targets | Legacy List 3
1936021,3nergyFull,17,94,https://www.torn.com/profiles.php?XID=1936021,Slinky Leveling Targets
2359540,Airforcegabbone,17,94,https://www.torn.com/profiles.php?XID=2359540,Slinky Leveling Targets
1480938,rjrules1231,17,104,https://www.torn.com/profiles.php?XID=1480938,Slinky Leveling Targets | Legacy List 5
430622,Braskius,17,113,https://www.torn.com/profiles.php?XID=430622,Baldr's List 3 | Legacy List 8
1388057,bloodbones2,17,126,https://www.torn.com/profiles.php?XID=1388057,Slinky Leveling Targets | Legacy List 6
1076252,1076252,17,150,https://www.torn.com/profiles.php?XID=1076252,Legacy List 12
929846,breshizzle,17,150,https://www.torn.com/profiles.php?XID=929846,Legacy List 9
1412894,IamBattersby97,17,150,https://www.torn.com/profiles.php?XID=1412894,Legacy List 10
1300654,Liamsta,17,150,https://www.torn.com/profiles.php?XID=1300654,Legacy List 5
1414611,tramel,17,163,https://www.torn.com/profiles.php?XID=1414611,Legacy List 1
1457012,liljjwild,17,176,https://www.torn.com/profiles.php?XID=1457012,Legacy List 6
1294027,playername2,17,176,https://www.torn.com/profiles.php?XID=1294027,Legacy List 1
886000,kandak,17,190,https://www.torn.com/profiles.php?XID=886000,Legacy List 13
977056,fraselharr,17,204,https://www.torn.com/profiles.php?XID=977056,Legacy List 6
1617171,Iain92,17,219,https://www.torn.com/profiles.php?XID=1617171,Legacy List 9
1394290,fathead,17,234,https://www.torn.com/profiles.php?XID=1394290,Baldr's List 3 | Legacy List 5
1430463,Ddogd,17,250,https://www.torn.com/profiles.php?XID=1430463,Legacy List 1
1490373,mukund,17,250,https://www.torn.com/profiles.php?XID=1490373,Legacy List 10
1413606,HiMan,17,283,https://www.torn.com/profiles.php?XID=1413606,Legacy List 8
903170,icywicy,17,283,https://www.torn.com/profiles.php?XID=903170,Legacy List 11
1636662,sara4callum10,17,283,https://www.torn.com/profiles.php?XID=1636662,Legacy List 7
1621641,Smokey101,17,283,https://www.torn.com/profiles.php?XID=1621641,Legacy List 9
1642185,vivian0300,17,283,https://www.torn.com/profiles.php?XID=1642185,Legacy List 2
1344989,aylissapoe123,17,319,https://www.torn.com/profiles.php?XID=1344989,Legacy List 4
894920,Death-God,17,319,https://www.torn.com/profiles.php?XID=894920,Legacy List 2
1394118,Rida103,17,319,https://www.torn.com/profiles.php?XID=1394118,Legacy List 3
1640818,Ansar007,17,337,https://www.torn.com/profiles.php?XID=1640818,Legacy List 3
691758,Ridrix,17,356,https://www.torn.com/profiles.php?XID=691758,Legacy List 4
1391700,cris12019,17,376,https://www.torn.com/profiles.php?XID=1391700,Legacy List 12
1520602,xXshabzyXx,17,376,https://www.torn.com/profiles.php?XID=1520602,Legacy List 4
1009968,LawAbiding,17,396,https://www.torn.com/profiles.php?XID=1009968,Legacy List 4
908826,rosa115,17,416,https://www.torn.com/profiles.php?XID=908826,Legacy List 6
910129,supriani,17,416,https://www.torn.com/profiles.php?XID=910129,Torn Forum Leveling Targets - Targets under 1000 estimated stats | Legacy List 13
1364177,pancakes,17,437,https://www.torn.com/profiles.php?XID=1364177,Legacy List 13
1439606,JORROCKS,17,481,https://www.torn.com/profiles.php?XID=1439606,Legacy List 12
1164883,mckoyy,17,481,https://www.torn.com/profiles.php?XID=1164883,Legacy List 8
1614478,Lockdog,17,504,https://www.torn.com/profiles.php?XID=1614478,Legacy List 7
1317384,stidn,17,574,https://www.torn.com/profiles.php?XID=1317384,Legacy List 11
1953658,chick-mail,17,599,https://www.torn.com/profiles.php?XID=1953658,Legacy List 10
1306675,Zohe,17,599,https://www.torn.com/profiles.php?XID=1306675,Legacy List 5
1637848,DaaPoolee,17,676,https://www.torn.com/profiles.php?XID=1637848,Legacy List 13
1359942,SgtRobertBenson,17,676,https://www.torn.com/profiles.php?XID=1359942,Legacy List 8
1299109,takeuchi,17,680,https://www.torn.com/profiles.php?XID=1299109,Torn Forum Leveling Targets - Targets under 1000 estimated stats
1537904,laulord1999,17,703,https://www.torn.com/profiles.php?XID=1537904,Legacy List 3
1274880,dxtriston,17,730,https://www.torn.com/profiles.php?XID=1274880,Legacy List 4
953916,bgkane,17,758,https://www.torn.com/profiles.php?XID=953916,Legacy List 5
1618299,octopolis,17,758,https://www.torn.com/profiles.php?XID=1618299,Legacy List 12
1180739,abdat,17,875,https://www.torn.com/profiles.php?XID=1180739,Legacy List 13
1650510,harsh4sh,17,936,https://www.torn.com/profiles.php?XID=1650510,Legacy List 7
1562767,dragonboy1818,17,1.0k,https://www.torn.com/profiles.php?XID=1562767,Legacy List 3
1761784,bluezytrax,17,1.1k,https://www.torn.com/profiles.php?XID=1761784,Legacy List 7
1536219,Namgyal_154,17,1.1k,https://www.torn.com/profiles.php?XID=1536219,Legacy List 11
1366498,adeolu,17,1.2k,https://www.torn.com/profiles.php?XID=1366498,Legacy List 1
1382773,cory3436,17,1.2k,https://www.torn.com/profiles.php?XID=1382773,Legacy List 11
586398,kwanner789,17,1.2k,https://www.torn.com/profiles.php?XID=586398,Legacy List 2
1107790,minime09,17,1.3k,https://www.torn.com/profiles.php?XID=1107790,Legacy List 9
1633017,Khevlar,17,1.5k,https://www.torn.com/profiles.php?XID=1633017,Legacy List 1
1471974,rebel6666,17,1.5k,https://www.torn.com/profiles.php?XID=1471974,Legacy List 2
64438,ChrisMadeMeDoIt,17,1930,https://www.torn.com/profiles.php?XID=64438,Torn Forum Leveling Targets - Targets 1000-10000 estimated stats
1574342,SpaceFace,17,2.0k,https://www.torn.com/profiles.php?XID=1574342,Legacy List 10
444441,Anaksunamun,17,5020,https://www.torn.com/profiles.php?XID=444441,Torn Forum Leveling Targets - Targets 1000-10000 estimated stats
2161354,ToddHoward,17,5310,https://www.torn.com/profiles.php?XID=2161354,Torn Forum Leveling Targets - Targets 1000-10000 estimated stats
242359,Mischa,17,6520,https://www.torn.com/profiles.php?XID=242359,Torn Forum Leveling Targets - Targets 1000-10000 estimated stats
1324020,Mitsai,17,7990,https://www.torn.com/profiles.php?XID=1324020,Torn Forum Leveling Targets - Targets 1000-10000 estimated stats
1871017,KevinDontWave,17,12600,https://www.torn.com/profiles.php?XID=1871017,Torn Forum Leveling Targets - Targets 10k-100k estimated stats
2585901,Dr_Banana,17,12900,https://www.torn.com/profiles.php?XID=2585901,Torn Forum Leveling Targets - Targets 10k-100k estimated stats
2108205,Falkek,17,18700,https://www.torn.com/profiles.php?XID=2108205,Torn Forum Leveling Targets - Targets 10k-100k estimated stats
1681095,__lolipop_,17,20000,https://www.torn.com/profiles.php?XID=1681095,Torn Forum Leveling Targets - Targets 10k-100k estimated stats
2273237,UnguardedAce,17,26600,https://www.torn.com/profiles.php?XID=2273237,Torn Forum Leveling Targets - Targets 10k-100k estimated stats
1322842,brav_92popo,16,44,https://www.torn.com/profiles.php?XID=1322842,Slinky Leveling Targets | Legacy List 2
1250264,mariconarana,16,44,https://www.torn.com/profiles.php?XID=1250264,Legacy List 8
585936,BETCH,16,59,https://www.torn.com/profiles.php?XID=585936,Slinky Leveling Targets
929210,glamorous301,16,59,https://www.torn.com/profiles.php?XID=929210,Slinky Leveling Targets | Legacy List 6
1025634,HayThi,16,59,https://www.torn.com/profiles.php?XID=1025634,Slinky Leveling Targets
1299741,pops11,16,59,https://www.torn.com/profiles.php?XID=1299741,Slinky Leveling Targets | Legacy List 10
1354193,Syd_2345,16,59,https://www.torn.com/profiles.php?XID=1354193,Legacy List 4
1159391,1159391,16,67,https://www.torn.com/profiles.php?XID=1159391,Slinky Leveling Targets | Legacy List 4
1866895,__Something__,16,67,https://www.torn.com/profiles.php?XID=1866895,Slinky Leveling Targets
2048776,goddy1601,16,75,https://www.torn.com/profiles.php?XID=2048776,Slinky Leveling Targets
1547645,MUSLIMZ123,16,75,https://www.torn.com/profiles.php?XID=1547645,Slinky Leveling Targets | Legacy List 3
1864367,pumpkin316,16,75,https://www.torn.com/profiles.php?XID=1864367,Slinky Leveling Targets
1178848,Cuti12,16,84,https://www.torn.com/profiles.php?XID=1178848,Legacy List 7
1024614,Daishaun,16,84,https://www.torn.com/profiles.php?XID=1024614,Slinky Leveling Targets | Legacy List 9
1280992,Johna,16,84,https://www.torn.com/profiles.php?XID=1280992,Slinky Leveling Targets | Legacy List 13
1860748,Roragon,16,84,https://www.torn.com/profiles.php?XID=1860748,Slinky Leveling Targets
2046077,YOLER,16,84,https://www.torn.com/profiles.php?XID=2046077,Slinky Leveling Targets
857317,Zak67,16,84,https://www.torn.com/profiles.php?XID=857317,Legacy List 10
1679616,cb2me,16,94,https://www.torn.com/profiles.php?XID=1679616,Slinky Leveling Targets
593443,Elson07,16,94,https://www.torn.com/profiles.php?XID=593443,Slinky Leveling Targets
1647409,fabregas56,16,94,https://www.torn.com/profiles.php?XID=1647409,Slinky Leveling Targets
1594057,kerrA,16,94,https://www.torn.com/profiles.php?XID=1594057,Slinky Leveling Targets | Legacy List 2
1416469,MrApeGrape,16,94,https://www.torn.com/profiles.php?XID=1416469,Legacy List 1
1843812,rhondas1,16,94,https://www.torn.com/profiles.php?XID=1843812,Slinky Leveling Targets
1422350,adeyemi,16,104,https://www.torn.com/profiles.php?XID=1422350,Legacy List 6
997057,jack_le,16,104,https://www.torn.com/profiles.php?XID=997057,Legacy List 11
1384023,alex27,16,115,https://www.torn.com/profiles.php?XID=1384023,Legacy List 8
1702071,rafihaha,16,126,https://www.torn.com/profiles.php?XID=1702071,Legacy List 11
881857,hassanian,16,138,https://www.torn.com/profiles.php?XID=881857,Legacy List 9
1273840,spencer1999s,16,150,https://www.torn.com/profiles.php?XID=1273840,Legacy List 3
1386448,2341,16,163,https://www.torn.com/profiles.php?XID=1386448,Legacy List 5
1126680,brackee,16,163,https://www.torn.com/profiles.php?XID=1126680,Legacy List 1
1121417,mastahman12,16,163,https://www.torn.com/profiles.php?XID=1121417,Legacy List 9
1727633,scorpioniscool,16,163,https://www.torn.com/profiles.php?XID=1727633,Legacy List 1
1495092,mounim,16,176,https://www.torn.com/profiles.php?XID=1495092,Legacy List 13
1309497,charl,16,190,https://www.torn.com/profiles.php?XID=1309497,Legacy List 4
1042640,gtchild2020,16,190,https://www.torn.com/profiles.php?XID=1042640,Legacy List 7
1046977,khantnyarthu,16,204,https://www.torn.com/profiles.php?XID=1046977,Legacy List 3
1513123,petert95,16,204,https://www.torn.com/profiles.php?XID=1513123,Legacy List 7
1482744,cutiekilla,16,234,https://www.torn.com/profiles.php?XID=1482744,Legacy List 8
1269232,Lazyboy36,16,234,https://www.torn.com/profiles.php?XID=1269232,Legacy List 5
1555856,bailey0799,16,266,https://www.torn.com/profiles.php?XID=1555856,Legacy List 10
1530339,Ginge_Laurenn,16,266,https://www.torn.com/profiles.php?XID=1530339,Legacy List 5
684145,manan007,16,266,https://www.torn.com/profiles.php?XID=684145,Legacy List 6
1205878,YR10E,16,266,https://www.torn.com/profiles.php?XID=1205878,Legacy List 9
1607580,Frerichs,16,283,https://www.torn.com/profiles.php?XID=1607580,Legacy List 3
1115424,justoneway,16,283,https://www.torn.com/profiles.php?XID=1115424,Legacy List 1
1738853,LatexSteam,16,283,https://www.torn.com/profiles.php?XID=1738853,Legacy List 4
1366440,zzgdogzz,16,283,https://www.torn.com/profiles.php?XID=1366440,Legacy List 11
650310,naylay,16,301,https://www.torn.com/profiles.php?XID=650310,Legacy List 4
1372271,Ballekatt,16,319,https://www.torn.com/profiles.php?XID=1372271,Legacy List 11
1582585,breeboxing,16,319,https://www.torn.com/profiles.php?XID=1582585,Legacy List 3
1497701,maqz,16,319,https://www.torn.com/profiles.php?XID=1497701,Legacy List 7
1295068,PoloSosunny,16,319,https://www.torn.com/profiles.php?XID=1295068,Legacy List 9
1175704,dude81,16,337,https://www.torn.com/profiles.php?XID=1175704,Legacy List 13
1308532,arsenal_4_life7,16,356,https://www.torn.com/profiles.php?XID=1308532,Legacy List 9
1561891,MrGautama,16,356,https://www.torn.com/profiles.php?XID=1561891,Legacy List 2
1509582,youngcarter5,16,396,https://www.torn.com/profiles.php?XID=1509582,Legacy List 8
977859,JACKIECHAN97,16,416,https://www.torn.com/profiles.php?XID=977859,Legacy List 12
1326458,misslondon,16,416,https://www.torn.com/profiles.php?XID=1326458,Legacy List 12
1101883,Deja23,16,459,https://www.torn.com/profiles.php?XID=1101883,Legacy List 12
308586,alex69,16,550,https://www.torn.com/profiles.php?XID=308586,Torn Forum Leveling Targets - Targets under 1000 estimated stats
1496965,INF3CT3Dkill3r,16,550,https://www.torn.com/profiles.php?XID=1496965,Legacy List 10
1648921,aifa92,16,599,https://www.torn.com/profiles.php?XID=1648921,Legacy List 7
972494,cloudstife,16,599,https://www.torn.com/profiles.php?XID=972494,Legacy List 6
1491814,terbor11,16,599,https://www.torn.com/profiles.php?XID=1491814,Legacy List 5
1669877,Ultravaleriy,16,599,https://www.torn.com/profiles.php?XID=1669877,Legacy List 7
1163746,chirstine75,16,703,https://www.torn.com/profiles.php?XID=1163746,Legacy List 5
1314070,mcintyrej,16,703,https://www.torn.com/profiles.php?XID=1314070,Legacy List 10
1530886,bhowmik,16,730,https://www.torn.com/profiles.php?XID=1530886,Legacy List 13
1778019,Deathtrap99,16,730,https://www.torn.com/profiles.php?XID=1778019,Legacy List 11
1726626,FROZEN_MAGE,16,758,https://www.torn.com/profiles.php?XID=1726626,Legacy List 4
1469111,Shamee2,16,816,https://www.torn.com/profiles.php?XID=1469111,Legacy List 2
1946887,AidStar1993,16,980,https://www.torn.com/profiles.php?XID=1946887,Torn Forum Leveling Targets - Targets under 1000 estimated stats
1598042,rhyss2,16,1.0k,https://www.torn.com/profiles.php?XID=1598042,Legacy List 13
1044828,thediamond7,16,1.0k,https://www.torn.com/profiles.php?XID=1044828,Legacy List 6
48592,BooSt,16,1080,https://www.torn.com/profiles.php?XID=48592,Torn Forum Leveling Targets - Targets 1000-10000 estimated stats
1172864,Darnlang,16,1.1k,https://www.torn.com/profiles.php?XID=1172864,Legacy List 10
1118454,harry9876,16,1260,https://www.torn.com/profiles.php?XID=1118454,Torn Forum Leveling Targets - Targets 1000-10000 estimated stats | Legacy List 8
1564302,firedome555,16,1.7k,https://www.torn.com/profiles.php?XID=1564302,Legacy List 2
1494267,Remester96,16,1.8k,https://www.torn.com/profiles.php?XID=1494267,Legacy List 12
1393556,bennygunz,16,1.9k,https://www.torn.com/profiles.php?XID=1393556,Legacy List 12
1667744,trukia,16,3530,https://www.torn.com/profiles.php?XID=1667744,Torn Forum Leveling Targets - Targets 1000-10000 estimated stats
1559455,Anubispt,16,4290,https://www.torn.com/profiles.php?XID=1559455,Torn Forum Leveling Targets - Targets 1000-10000 estimated stats
1873086,Sipio666,16,4370,https://www.torn.com/profiles.php?XID=1873086,Torn Forum Leveling Targets - Targets 1000-10000 estimated stats
2151979,GypsyGodess,16,4650,https://www.torn.com/profiles.php?XID=2151979,Torn Forum Leveling Targets - Targets 1000-10000 estimated stats
1700020,nighttemptress,16,7.2k,https://www.torn.com/profiles.php?XID=1700020,Legacy List 5
1419819,PhantomSambo,16,7.7k,https://www.torn.com/profiles.php?XID=1419819,Legacy List 8
2022772,mammasumba,16,8690,https://www.torn.com/profiles.php?XID=2022772,Torn Forum Leveling Targets - Targets 1000-10000 estimated stats
2084715,Sniper_Neese,16,9230,https://www.torn.com/profiles.php?XID=2084715,Torn Forum Leveling Targets - Targets 1000-10000 estimated stats
2014781,Frozenrobot,16,9480,https://www.torn.com/profiles.php?XID=2014781,Torn Forum Leveling Targets - Targets 1000-10000 estimated stats
551729,_Keyon_,16,14200,https://www.torn.com/profiles.php?XID=551729,Torn Forum Leveling Targets - Targets 10k-100k estimated stats
1411140,Claude_Provenza,16,20400,https://www.torn.com/profiles.php?XID=1411140,Torn Forum Leveling Targets - Targets 10k-100k estimated stats
1532885,PersianKing,16,4.31m,https://www.torn.com/profiles.php?XID=1532885,Legacy List 6
1617208,Menardin,16,8.50m,https://www.torn.com/profiles.php?XID=1617208,Legacy List 11
1561685,kavadava,15,38,https://www.torn.com/profiles.php?XID=1561685,Legacy List 12
1366638,Tanner92,15,44,https://www.torn.com/profiles.php?XID=1366638,Legacy List 2
2074175,atn,15,59,https://www.torn.com/profiles.php?XID=2074175,Slinky Leveling Targets
936383,badboii321,15,59,https://www.torn.com/profiles.php?XID=936383,Slinky Leveling Targets
1422718,bobkiller3,15,59,https://www.torn.com/profiles.php?XID=1422718,Slinky Leveling Targets | Legacy List 7
1621789,jazzyjake25,15,59,https://www.torn.com/profiles.php?XID=1621789,Slinky Leveling Targets
1845377,croki,15,67,https://www.torn.com/profiles.php?XID=1845377,Slinky Leveling Targets
1436559,kalam12345,15,67,https://www.torn.com/profiles.php?XID=1436559,Slinky Leveling Targets | Legacy List 11
1285131,lover117,15,67,https://www.torn.com/profiles.php?XID=1285131,Slinky Leveling Targets | Legacy List 6
1374128,need-for-zoom,15,67,https://www.torn.com/profiles.php?XID=1374128,Slinky Leveling Targets
1573781,zycore1,15,67,https://www.torn.com/profiles.php?XID=1573781,Slinky Leveling Targets | Legacy List 3
1265478,sunil1,15,75,https://www.torn.com/profiles.php?XID=1265478,Slinky Leveling Targets | Legacy List 13
1609480,XSlayer2009,15,75,https://www.torn.com/profiles.php?XID=1609480,Slinky Leveling Targets | Legacy List 12
1554463,ajh813,15,84,https://www.torn.com/profiles.php?XID=1554463,Slinky Leveling Targets | Legacy List 10
975654,badkid911,15,84,https://www.torn.com/profiles.php?XID=975654,Slinky Leveling Targets | Legacy List 3
1409469,Body_slasher,15,84,https://www.torn.com/profiles.php?XID=1409469,Slinky Leveling Targets | Legacy List 8
1417924,bullet789,15,84,https://www.torn.com/profiles.php?XID=1417924,Slinky Leveling Targets | Legacy List 9
1280502,Crimson1995,15,84,https://www.torn.com/profiles.php?XID=1280502,Slinky Leveling Targets | Legacy List 2
1704490,Soonerdyy,15,84,https://www.torn.com/profiles.php?XID=1704490,Slinky Leveling Targets | Legacy List 11
1489004,tantan,15,84,https://www.torn.com/profiles.php?XID=1489004,Slinky Leveling Targets | Legacy List 3
1620516,yougo1000,15,84,https://www.torn.com/profiles.php?XID=1620516,Slinky Leveling Targets | Legacy List 1
681299,CommandoTheLion,15,94,https://www.torn.com/profiles.php?XID=681299,Slinky Leveling Targets | Legacy List 12
1813200,Fyroc,15,94,https://www.torn.com/profiles.php?XID=1813200,Legacy List 2
2141315,JayDaIcey,15,94,https://www.torn.com/profiles.php?XID=2141315,Slinky Leveling Targets
1514825,lordoftheflys,15,94,https://www.torn.com/profiles.php?XID=1514825,Legacy List 5
1181544,ronstopable,15,94,https://www.torn.com/profiles.php?XID=1181544,Slinky Leveling Targets | Legacy List 3
1563509,tommy101,15,94,https://www.torn.com/profiles.php?XID=1563509,Slinky Leveling Targets | Legacy List 6
1419106,Vallo,15,104,https://www.torn.com/profiles.php?XID=1419106,Legacy List 8
1236403,pegbundy,15,115,https://www.torn.com/profiles.php?XID=1236403,Slinky Leveling Targets | Legacy List 11
1267743,azaface1,15,126,https://www.torn.com/profiles.php?XID=1267743,Legacy List 13
1323220,BG_ALPHADOG,15,126,https://www.torn.com/profiles.php?XID=1323220,Legacy List 5
1615798,emosurprimo,15,126,https://www.torn.com/profiles.php?XID=1615798,Slinky Leveling Targets | Legacy List 12
1469275,kikko,15,126,https://www.torn.com/profiles.php?XID=1469275,Legacy List 13
1369049,sam1994,15,126,https://www.torn.com/profiles.php?XID=1369049,Legacy List 6
1657251,xx_Yourface_xx,15,126,https://www.torn.com/profiles.php?XID=1657251,Legacy List 13
1662361,prime99,15,138,https://www.torn.com/profiles.php?XID=1662361,Legacy List 12
1603317,elliemc123,15,150,https://www.torn.com/profiles.php?XID=1603317,Legacy List 11
1537906,push333,15,150,https://www.torn.com/profiles.php?XID=1537906,Legacy List 1
1003909,slamz123,15,150,https://www.torn.com/profiles.php?XID=1003909,Legacy List 10
1376450,mccoy98,15,163,https://www.torn.com/profiles.php?XID=1376450,Legacy List 8
865952,sexy-mama321,15,163,https://www.torn.com/profiles.php?XID=865952,Legacy List 8
1152656,86t7,15,190,https://www.torn.com/profiles.php?XID=1152656,Legacy List 5
929635,kyle4493,15,190,https://www.torn.com/profiles.php?XID=929635,Legacy List 1
1785612,lucasmnunesk,15,190,https://www.torn.com/profiles.php?XID=1785612,Legacy List 7
1495526,adidas1,15,204,https://www.torn.com/profiles.php?XID=1495526,Legacy List 9
1347599,ACHILLES300,15,234,https://www.torn.com/profiles.php?XID=1347599,Legacy List 7
1031581,jojo96,15,234,https://www.torn.com/profiles.php?XID=1031581,Legacy List 10
1609459,xslayer09,15,234,https://www.torn.com/profiles.php?XID=1609459,Legacy List 11
867487,naterbug_98,15,250,https://www.torn.com/profiles.php?XID=867487,Legacy List 9
1099107,hot_girl_xxx,15,266,https://www.torn.com/profiles.php?XID=1099107,Legacy List 5
1325117,TcIsTheBest,15,266,https://www.torn.com/profiles.php?XID=1325117,Legacy List 4
1329344,trilogic,15,266,https://www.torn.com/profiles.php?XID=1329344,Legacy List 7
1406091,chocolate_boy,15,283,https://www.torn.com/profiles.php?XID=1406091,Legacy List 11
1415316,cw65222,15,283,https://www.torn.com/profiles.php?XID=1415316,Legacy List 3
917753,babyboy,15,301,https://www.torn.com/profiles.php?XID=917753,Legacy List 1
1585409,hzink,15,301,https://www.torn.com/profiles.php?XID=1585409,Legacy List 6
936644,wee-man13,15,301,https://www.torn.com/profiles.php?XID=936644,Legacy List 9
1367809,xlisax,15,301,https://www.torn.com/profiles.php?XID=1367809,Legacy List 10
1655736,cotut,15,319,https://www.torn.com/profiles.php?XID=1655736,Legacy List 1
1565393,onesexygirl,15,319,https://www.torn.com/profiles.php?XID=1565393,Legacy List 10
879649,BloodySorrow,15,337,https://www.torn.com/profiles.php?XID=879649,Legacy List 6
950884,guffman,15,337,https://www.torn.com/profiles.php?XID=950884,Legacy List 4
1427616,daquiane,15,356,https://www.torn.com/profiles.php?XID=1427616,Legacy List 5
1500291,Elfangor,15,356,https://www.torn.com/profiles.php?XID=1500291,Legacy List 10
1502437,laylwintlulay,15,356,https://www.torn.com/profiles.php?XID=1502437,Legacy List 4
1531122,achint2011,15,396,https://www.torn.com/profiles.php?XID=1531122,Legacy List 8
854645,cdubb6,15,416,https://www.torn.com/profiles.php?XID=854645,Legacy List 10
930545,seannyboysl2,15,416,https://www.torn.com/profiles.php?XID=930545,Legacy List 7
937967,devil8,15,437,https://www.torn.com/profiles.php?XID=937967,Legacy List 8
918452,imbaled,15,437,https://www.torn.com/profiles.php?XID=918452,Legacy List 7
1685029,qman9,15,437,https://www.torn.com/profiles.php?XID=1685029,Legacy List 2
552906,Footballman12,15,451,https://www.torn.com/profiles.php?XID=552906,Baldr's List 3 | Legacy List 1
906367,awsomeman5521,15,527,https://www.torn.com/profiles.php?XID=906367,Legacy List 12
91892,AbcDragonMaster,15,574,https://www.torn.com/profiles.php?XID=91892,Baldr's List 3 | Legacy List 6
1567134,Andreas1_11,15,574,https://www.torn.com/profiles.php?XID=1567134,Legacy List 11
183461,Killer-dude,15,610,https://www.torn.com/profiles.php?XID=183461,Torn Forum Leveling Targets - Targets under 1000 estimated stats
972226,1andrew1,15,624,https://www.torn.com/profiles.php?XID=972226,Legacy List 4
948854,deadjoker08,15,676,https://www.torn.com/profiles.php?XID=948854,Legacy List 7
1329020,jaanek,15,676,https://www.torn.com/profiles.php?XID=1329020,Legacy List 8
1635858,Ruin_Robin,15,676,https://www.torn.com/profiles.php?XID=1635858,Legacy List 4
1998669,SirNessyUK,15,690,https://www.torn.com/profiles.php?XID=1998669,Torn Forum Leveling Targets - Targets under 1000 estimated stats
947081,genty,15,730,https://www.torn.com/profiles.php?XID=947081,Legacy List 3
1757698,Foebia,15,830,https://www.torn.com/profiles.php?XID=1757698,Torn Forum Leveling Targets - Targets under 1000 estimated stats
1612323,larsson222,15,845,https://www.torn.com/profiles.php?XID=1612323,Legacy List 2
945908,ZachPowell,15,875,https://www.torn.com/profiles.php?XID=945908,Legacy List 2
501730,-Damaged-,15,900,https://www.torn.com/profiles.php?XID=501730,Torn Forum Leveling Targets - Targets under 1000 estimated stats
1860161,czakibo0t,15,905,https://www.torn.com/profiles.php?XID=1860161,Legacy List 4
1451753,BabyR,15,968,https://www.torn.com/profiles.php?XID=1451753,Legacy List 2
1264604,dman10,15,1.0k,https://www.torn.com/profiles.php?XID=1264604,Legacy List 9
1682487,sturey,15,1.1k,https://www.torn.com/profiles.php?XID=1682487,Legacy List 12
842092,0341grunt,15,1.2k,https://www.torn.com/profiles.php?XID=842092,Legacy List 3
1697957,Sacrillegious,15,1.2k,https://www.torn.com/profiles.php?XID=1697957,Legacy List 5
932198,techniko,15,1.2k,https://www.torn.com/profiles.php?XID=932198,Legacy List 5
1550045,jawhit69,15,1.3k,https://www.torn.com/profiles.php?XID=1550045,Legacy List 9
1975567,Coolde16,15,1.5k,https://www.torn.com/profiles.php?XID=1975567,Legacy List 13
984310,LaurenLUVSu,15,1.9k,https://www.torn.com/profiles.php?XID=984310,Legacy List 3
1607372,davidgilmour555,15,2.1k,https://www.torn.com/profiles.php?XID=1607372,Legacy List 6
355839,dean33,15,2610,https://www.torn.com/profiles.php?XID=355839,Torn Forum Leveling Targets - Targets 1000-10000 estimated stats
493735,slaterfan123,15,3800,https://www.torn.com/profiles.php?XID=493735,Torn Forum Leveling Targets - Targets 1000-10000 estimated stats
2360158,CrazyMarcus,15,6190,https://www.torn.com/profiles.php?XID=2360158,Torn Forum Leveling Targets - Targets 1000-10000 estimated stats
29031,Saorsa,15,7600,https://www.torn.com/profiles.php?XID=29031,Torn Forum Leveling Targets - Targets 1000-10000 estimated stats
1000042,Blakkout,15,10290,https://www.torn.com/profiles.php?XID=1000042,Torn Forum Leveling Targets - Targets 10k-100k estimated stats
1416361,SilentKillerz,15,15.1k,https://www.torn.com/profiles.php?XID=1416361,Legacy List 9
1761171,Gizmo2212,15,23800,https://www.torn.com/profiles.php?XID=1761171,Torn Forum Leveling Targets - Targets 10k-100k estimated stats
2450835,Suko,15,25800,https://www.torn.com/profiles.php?XID=2450835,Torn Forum Leveling Targets - Targets 10k-100k estimated stats
1466568,Fashionable,15,37000,https://www.torn.com/profiles.php?XID=1466568,Torn Forum Leveling Targets - Targets 10k-100k estimated stats
1601065,Promise1983,15,155.0k,https://www.torn.com/profiles.php?XID=1601065,Legacy List 13
1656315,bendore123,15,355.3k,https://www.torn.com/profiles.php?XID=1656315,Legacy List 4
1652505,supastorm,15,377.5k,https://www.torn.com/profiles.php?XID=1652505,Legacy List 1
1289614,fatbasted24,15,2.96m,https://www.torn.com/profiles.php?XID=1289614,Legacy List 13
1777008,-ANawRaHtar-,15,Unknown,https://www.torn.com/profiles.php?XID=1777008,Legacy List 2
849274,Deathreaper123,14,650,https://www.torn.com/profiles.php?XID=849274,Baldr's List 3 | Legacy List 1
2051125,im_not_right,14,710,https://www.torn.com/profiles.php?XID=2051125,Torn Forum Leveling Targets - Targets under 1000 estimated stats
1872877,samcrafter,14,1000,https://www.torn.com/profiles.php?XID=1872877,Torn Forum Leveling Targets - Targets 1000-10000 estimated stats
1546057,Daddy_Freshnugz,14,2000,https://www.torn.com/profiles.php?XID=1546057,Torn Forum Leveling Targets - Targets 1000-10000 estimated stats
1073279,grandxoon,14,2700,https://www.torn.com/profiles.php?XID=1073279,Torn Forum Leveling Targets - Targets 1000-10000 estimated stats
1692104,ShaoPingPing,14,4950,https://www.torn.com/profiles.php?XID=1692104,Torn Forum Leveling Targets - Targets 1000-10000 estimated stats
2016927,Lathaw,14,10210,https://www.torn.com/profiles.php?XID=2016927,Torn Forum Leveling Targets - Targets 10k-100k estimated stats
1769514,Signatured,14,50000,https://www.torn.com/profiles.php?XID=1769514,Torn Forum Leveling Targets - Targets 10k-100k estimated stats
840013,Hardcore_Sweety,13,250,https://www.torn.com/profiles.php?XID=840013,Torn Forum Leveling Targets - Targets under 1000 estimated stats
2110272,robodirge,13,480,https://www.torn.com/profiles.php?XID=2110272,Torn Forum Leveling Targets - Targets under 1000 estimated stats
1529816,minnset,13,570,https://www.torn.com/profiles.php?XID=1529816,Torn Forum Leveling Targets - Targets under 1000 estimated stats
2072413,Kilo-teach,13,1000,https://www.torn.com/profiles.php?XID=2072413,Torn Forum Leveling Targets - Targets 1000-10000 estimated stats
1628312,rahuldugu,13,1000,https://www.torn.com/profiles.php?XID=1628312,Torn Forum Leveling Targets - Targets 1000-10000 estimated stats
1329589,SHARK-X,13,1000,https://www.torn.com/profiles.php?XID=1329589,Torn Forum Leveling Targets - Targets 1000-10000 estimated stats
2209852,SheepdogX,13,3400,https://www.torn.com/profiles.php?XID=2209852,Torn Forum Leveling Targets - Targets 1000-10000 estimated stats
1731652,goeringz,13,4140,https://www.torn.com/profiles.php?XID=1731652,Torn Forum Leveling Targets - Targets 1000-10000 estimated stats
351064,pinkbutterfly,13,6540,https://www.torn.com/profiles.php?XID=351064,Torn Forum Leveling Targets - Targets 1000-10000 estimated stats
2054981,ProsterX,12,510,https://www.torn.com/profiles.php?XID=2054981,Torn Forum Leveling Targets - Targets under 1000 estimated stats
2163929,dirklinus,12,710,https://www.torn.com/profiles.php?XID=2163929,Torn Forum Leveling Targets - Targets under 1000 estimated stats
1510988,gandu514,12,810,https://www.torn.com/profiles.php?XID=1510988,Torn Forum Leveling Targets - Targets under 1000 estimated stats
1006204,ARK_ANGEL53,12,830,https://www.torn.com/profiles.php?XID=1006204,Torn Forum Leveling Targets - Targets under 1000 estimated stats
1586482,carmz,12,1000,https://www.torn.com/profiles.php?XID=1586482,Torn Forum Leveling Targets - Targets 1000-10000 estimated stats
625497,dirtyghettoboi,12,1000,https://www.torn.com/profiles.php?XID=625497,Torn Forum Leveling Targets - Targets 1000-10000 estimated stats
2438098,SatansWaffles88,12,1620,https://www.torn.com/profiles.php?XID=2438098,Torn Forum Leveling Targets - Targets 1000-10000 estimated stats
1862602,tedkaduce,12,2180,https://www.torn.com/profiles.php?XID=1862602,Torn Forum Leveling Targets - Targets 1000-10000 estimated stats
1768665,ThaUncleJoe,12,2800,https://www.torn.com/profiles.php?XID=1768665,Torn Forum Leveling Targets - Targets 1000-10000 estimated stats
248664,Killa6497,12,3000,https://www.torn.com/profiles.php?XID=248664,Torn Forum Leveling Targets - Targets 1000-10000 estimated stats
357085,gurugeorge,12,3290,https://www.torn.com/profiles.php?XID=357085,Torn Forum Leveling Targets - Targets 1000-10000 estimated stats
680206,A_Real_Pink_Pie,12,6000,https://www.torn.com/profiles.php?XID=680206,Torn Forum Leveling Targets - Targets 1000-10000 estimated stats
1693359,santosa,12,7360,https://www.torn.com/profiles.php?XID=1693359,Torn Forum Leveling Targets - Targets 1000-10000 estimated stats
2103101,Big-Hoss,11,280,https://www.torn.com/profiles.php?XID=2103101,Torn Forum Leveling Targets - Targets under 1000 estimated stats
516870,hussler_00,11,480,https://www.torn.com/profiles.php?XID=516870,Torn Forum Leveling Targets - Targets under 1000 estimated stats
1959171,Seroth,11,540,https://www.torn.com/profiles.php?XID=1959171,Torn Forum Leveling Targets - Targets under 1000 estimated stats
1172316,darak,11,550,https://www.torn.com/profiles.php?XID=1172316,Torn Forum Leveling Targets - Targets under 1000 estimated stats
315311,spack,11,690,https://www.torn.com/profiles.php?XID=315311,Torn Forum Leveling Targets - Targets under 1000 estimated stats
2544933,vic-vinegar,11,690,https://www.torn.com/profiles.php?XID=2544933,Torn Forum Leveling Targets - Targets under 1000 estimated stats
1010931,rizwan123,11,780,https://www.torn.com/profiles.php?XID=1010931,Torn Forum Leveling Targets - Targets under 1000 estimated stats
583140,daddy-o,11,1000,https://www.torn.com/profiles.php?XID=583140,Torn Forum Leveling Targets - Targets 1000-10000 estimated stats
2020613,Shadow7,11,1540,https://www.torn.com/profiles.php?XID=2020613,Torn Forum Leveling Targets - Targets 1000-10000 estimated stats
2153320,GypsyW13,11,2810,https://www.torn.com/profiles.php?XID=2153320,Torn Forum Leveling Targets - Targets 1000-10000 estimated stats
1583793,Charles_Rogers,11,2830,https://www.torn.com/profiles.php?XID=1583793,Torn Forum Leveling Targets - Targets 1000-10000 estimated stats
1784033,terbex,11,2860,https://www.torn.com/profiles.php?XID=1784033,Torn Forum Leveling Targets - Targets 1000-10000 estimated stats
1727112,Molleexoxo,11,3030,https://www.torn.com/profiles.php?XID=1727112,Torn Forum Leveling Targets - Targets 1000-10000 estimated stats
1959188,Kirsikka,11,4020,https://www.torn.com/profiles.php?XID=1959188,Torn Forum Leveling Targets - Targets 1000-10000 estimated stats
376733,Satoeng,11,4040,https://www.torn.com/profiles.php?XID=376733,Torn Forum Leveling Targets - Targets 1000-10000 estimated stats
2051822,Dismortis42,11,8630,https://www.torn.com/profiles.php?XID=2051822,Torn Forum Leveling Targets - Targets 1000-10000 estimated stats
1697229,wataruogasawara,11,24000,https://www.torn.com/profiles.php?XID=1697229,Torn Forum Leveling Targets - Targets 10k-100k estimated stats
1995349,1_PRKSH_1,10,90,https://www.torn.com/profiles.php?XID=1995349,Torn Forum Leveling Targets - Targets under 1000 estimated stats
1928078,777eggo,10,90,https://www.torn.com/profiles.php?XID=1928078,Torn Forum Leveling Targets - Targets under 1000 estimated stats
1735394,-Lo-,10,400,https://www.torn.com/profiles.php?XID=1735394,Torn Forum Leveling Targets - Targets under 1000 estimated stats
2388146,Antmartin55,10,430,https://www.torn.com/profiles.php?XID=2388146,Torn Forum Leveling Targets - Targets under 1000 estimated stats
2584491,Jc0up1,10,510,https://www.torn.com/profiles.php?XID=2584491,Torn Forum Leveling Targets - Targets under 1000 estimated stats
1877247,SteelGiant55,10,510,https://www.torn.com/profiles.php?XID=1877247,Torn Forum Leveling Targets - Targets under 1000 estimated stats
898786,123peter123,10,630,https://www.torn.com/profiles.php?XID=898786,Torn Forum Leveling Targets - Targets under 1000 estimated stats
2178469,Ihmissusi,10,720,https://www.torn.com/profiles.php?XID=2178469,Torn Forum Leveling Targets - Targets under 1000 estimated stats
2057980,Swordplay,10,760,https://www.torn.com/profiles.php?XID=2057980,Torn Forum Leveling Targets - Targets under 1000 estimated stats
2148816,WickedMickey,10,890,https://www.torn.com/profiles.php?XID=2148816,Torn Forum Leveling Targets - Targets under 1000 estimated stats
1543961,hbcg123,10,960,https://www.torn.com/profiles.php?XID=1543961,Torn Forum Leveling Targets - Targets under 1000 estimated stats
519108,02kinga,10,1000,https://www.torn.com/profiles.php?XID=519108,Torn Forum Leveling Targets - Targets 1000-10000 estimated stats
2059630,EusonDu,10,1000,https://www.torn.com/profiles.php?XID=2059630,Torn Forum Leveling Targets - Targets 1000-10000 estimated stats
2300818,Ixqt,10,1000,https://www.torn.com/profiles.php?XID=2300818,Torn Forum Leveling Targets - Targets 1000-10000 estimated stats
1838203,ameliy,10,1030,https://www.torn.com/profiles.php?XID=1838203,Torn Forum Leveling Targets - Targets 1000-10000 estimated stats
67008,songorobert,10,1500,https://www.torn.com/profiles.php?XID=67008,Torn Forum Leveling Targets - Targets 1000-10000 estimated stats
2509819,Rhokdar,10,2000,https://www.torn.com/profiles.php?XID=2509819,Torn Forum Leveling Targets - Targets 1000-10000 estimated stats
1746183,xclarkyII,10,2000,https://www.torn.com/profiles.php?XID=1746183,Torn Forum Leveling Targets - Targets 1000-10000 estimated stats
1671783,-Ms-Money,10,2120,https://www.torn.com/profiles.php?XID=1671783,Torn Forum Leveling Targets - Targets 1000-10000 estimated stats
954335,KiNg20,10,2990,https://www.torn.com/profiles.php?XID=954335,Torn Forum Leveling Targets - Targets 1000-10000 estimated stats
1695668,aungaunghtun,10,3150,https://www.torn.com/profiles.php?XID=1695668,Torn Forum Leveling Targets - Targets 1000-10000 estimated stats
1426849,Bobilhat,9,160,https://www.torn.com/profiles.php?XID=1426849,Torn Forum Leveling Targets - Targets under 1000 estimated stats
607936,dan231,9,490,https://www.torn.com/profiles.php?XID=607936,Torn Forum Leveling Targets - Targets under 1000 estimated stats
2017588,hottrop1cs,9,490,https://www.torn.com/profiles.php?XID=2017588,Torn Forum Leveling Targets - Targets under 1000 estimated stats
243187,-snake-,9,570,https://www.torn.com/profiles.php?XID=243187,Torn Forum Leveling Targets - Targets under 1000 estimated stats
1630600,rmf5,9,620,https://www.torn.com/profiles.php?XID=1630600,Torn Forum Leveling Targets - Targets under 1000 estimated stats
2097823,Xasy,9,870,https://www.torn.com/profiles.php?XID=2097823,Torn Forum Leveling Targets - Targets under 1000 estimated stats
2276768,Loyawhat,9,890,https://www.torn.com/profiles.php?XID=2276768,Torn Forum Leveling Targets - Targets under 1000 estimated stats
1816798,mycurrency,9,1000,https://www.torn.com/profiles.php?XID=1816798,Torn Forum Leveling Targets - Targets 1000-10000 estimated stats
2210072,LiLinsomniak,9,1760,https://www.torn.com/profiles.php?XID=2210072,Torn Forum Leveling Targets - Targets 1000-10000 estimated stats
2420815,Erisir,8,410,https://www.torn.com/profiles.php?XID=2420815,Torn Forum Leveling Targets - Targets under 1000 estimated stats
2203266,Clouddjudgement,8,640,https://www.torn.com/profiles.php?XID=2203266,Torn Forum Leveling Targets - Targets under 1000 estimated stats
1711254,kronikblueslims,8,650,https://www.torn.com/profiles.php?XID=1711254,Torn Forum Leveling Targets - Targets under 1000 estimated stats
2131929,BigBoss003,8,700,https://www.torn.com/profiles.php?XID=2131929,Torn Forum Leveling Targets - Targets under 1000 estimated stats
338506,--Rangers-1--,8,760,https://www.torn.com/profiles.php?XID=338506,Torn Forum Leveling Targets - Targets under 1000 estimated stats
686130,zzclown,7,230,https://www.torn.com/profiles.php?XID=686130,Torn Forum Leveling Targets - Targets under 1000 estimated stats
309766,beastyboy,7,250,https://www.torn.com/profiles.php?XID=309766,Torn Forum Leveling Targets - Targets under 1000 estimated stats
1977945,Comitzu,7,330,https://www.torn.com/profiles.php?XID=1977945,Torn Forum Leveling Targets - Targets under 1000 estimated stats
1840852,MariJane,7,380,https://www.torn.com/profiles.php?XID=1840852,Torn Forum Leveling Targets - Targets under 1000 estimated stats
2480194,Magmamike,7,500,https://www.torn.com/profiles.php?XID=2480194,Torn Forum Leveling Targets - Targets under 1000 estimated stats
1593669,HighStandard,7,550,https://www.torn.com/profiles.php?XID=1593669,Torn Forum Leveling Targets - Targets under 1000 estimated stats
2174070,HELLSANGELS,7,620,https://www.torn.com/profiles.php?XID=2174070,Torn Forum Leveling Targets - Targets under 1000 estimated stats
1207369,muhdsyahmi,7,640,https://www.torn.com/profiles.php?XID=1207369,Torn Forum Leveling Targets - Targets under 1000 estimated stats
2186730,Swirmy_worm,7,860,https://www.torn.com/profiles.php?XID=2186730,Torn Forum Leveling Targets - Targets under 1000 estimated stats
949530,immigrant-tom,7,1530,https://www.torn.com/profiles.php?XID=949530,Torn Forum Leveling Targets - Targets 1000-10000 estimated stats
2234598,axel987,6,190,https://www.torn.com/profiles.php?XID=2234598,Torn Forum Leveling Targets - Targets under 1000 estimated stats
2012928,george_ol,6,190,https://www.torn.com/profiles.php?XID=2012928,Torn Forum Leveling Targets - Targets under 1000 estimated stats
2000050,Kauffman45,6,200,https://www.torn.com/profiles.php?XID=2000050,Torn Forum Leveling Targets - Targets under 1000 estimated stats
2419836,raiz,6,240,https://www.torn.com/profiles.php?XID=2419836,Torn Forum Leveling Targets - Targets under 1000 estimated stats
1958474,Silentstep,6,290,https://www.torn.com/profiles.php?XID=1958474,Torn Forum Leveling Targets - Targets under 1000 estimated stats
540590,-Horrie-,6,330,https://www.torn.com/profiles.php?XID=540590,Torn Forum Leveling Targets - Targets under 1000 estimated stats
1547570,killer599,6,560,https://www.torn.com/profiles.php?XID=1547570,Torn Forum Leveling Targets - Targets under 1000 estimated stats
2260745,DrScience,6,780,https://www.torn.com/profiles.php?XID=2260745,Torn Forum Leveling Targets - Targets under 1000 estimated stats
2399339,Humming-bird,5,120,https://www.torn.com/profiles.php?XID=2399339,Torn Forum Leveling Targets - Targets under 1000 estimated stats
2599404,aleb,5,140,https://www.torn.com/profiles.php?XID=2599404,Torn Forum Leveling Targets - Targets under 1000 estimated stats
2163749,Maddoxx,5,300,https://www.torn.com/profiles.php?XID=2163749,Torn Forum Leveling Targets - Targets under 1000 estimated stats
2210297,croceus,5,560,https://www.torn.com/profiles.php?XID=2210297,Torn Forum Leveling Targets - Targets under 1000 estimated stats
1038959,-kubur-,5,650,https://www.torn.com/profiles.php?XID=1038959,Torn Forum Leveling Targets - Targets under 1000 estimated stats
1553834,JACKARDA,5,720,https://www.torn.com/profiles.php?XID=1553834,Torn Forum Leveling Targets - Targets under 1000 estimated stats
1722363,-Heather,5,930,https://www.torn.com/profiles.php?XID=1722363,Torn Forum Leveling Targets - Targets under 1000 estimated stats
1323114,-D-K-,5,950,https://www.torn.com/profiles.php?XID=1323114,Torn Forum Leveling Targets - Targets under 1000 estimated stats
1670419,Ringworm,5,3450,https://www.torn.com/profiles.php?XID=1670419,Torn Forum Leveling Targets - Targets 1000-10000 estimated stats
1788704,Bomestricys,3,80,https://www.torn.com/profiles.php?XID=1788704,Torn Forum Leveling Targets - Targets under 1000 estimated stats
1698366,busak,3,80,https://www.torn.com/profiles.php?XID=1698366,Torn Forum Leveling Targets - Targets under 1000 estimated stats
1779173,heehaa,3,80,https://www.torn.com/profiles.php?XID=1779173,Torn Forum Leveling Targets - Targets under 1000 estimated stats
1925717,gd123,3,100,https://www.torn.com/profiles.php?XID=1925717,Torn Forum Leveling Targets - Targets under 1000 estimated stats
2547681,-Cyb3r,3,110,https://www.torn.com/profiles.php?XID=2547681,Torn Forum Leveling Targets - Targets under 1000 estimated stats
2528027,ML42,3,140,https://www.torn.com/profiles.php?XID=2528027,Torn Forum Leveling Targets - Targets under 1000 estimated stats
2099564,--Jasmin--,2,70,https://www.torn.com/profiles.php?XID=2099564,Torn Forum Leveling Targets - Targets under 1000 estimated stats
2540644,-Diego-,2,70,https://www.torn.com/profiles.php?XID=2540644,Torn Forum Leveling Targets - Targets under 1000 estimated stats
2571078,DiamondHead5911,2,80,https://www.torn.com/profiles.php?XID=2571078,Torn Forum Leveling Targets - Targets under 1000 estimated stats
2269760,BritishNecro,1,40,https://www.torn.com/profiles.php?XID=2269760,Torn Forum Leveling Targets - Targets under 1000 estimated stats
2180357,Bambamdasalty,1,50,https://www.torn.com/profiles.php?XID=2180357,Torn Forum Leveling Targets - Targets under 1000 estimated stats
1602317,detroit1005,1,50,https://www.torn.com/profiles.php?XID=1602317,Torn Forum Leveling Targets - Targets under 1000 estimated stats
2315129,Thotttttttie,1,60,https://www.torn.com/profiles.php?XID=2315129,Torn Forum Leveling Targets - Targets under 1000 estimated stats
